#
# A fatal error has been detected by the Java Runtime Environment:
#
#  SIGSEGV (0xb) at pc=0x000075bcefb778d0, pid=266281, tid=266282
#
# JRE version: OpenJDK Runtime Environment Temurin-25.0.3+9 (25.0.3+9) (build 25.0.3+9-LTS)
# Java VM: OpenJDK 64-Bit Server VM Temurin-25.0.3+9 (25.0.3+9-LTS, mixed mode, tiered, compressed oops, compressed class ptrs, g1 gc, linux-amd64)
# Problematic frame:
# C  [libgtk-3.so.0+0x3778d0]  gtk_widget_realize+0x40
#
# Core dump will be written. Default location: Determined by the following: "/usr/share/apport/apport -p%p -s%s -c%c -d%d -P%P -u%u -g%g -F%F -- %E" (alternatively, falling back to /home/aminvell/progetti/jarvis-stark-os/core.266281)
#
# If you would like to submit a bug report, please visit:
#   https://github.com/adoptium/adoptium-support/issues
# The crash happened outside the Java Virtual Machine in native code.
# See problematic frame for where to report the bug.
#

---------------  S U M M A R Y ------------

Command Line: -XX:+IgnoreUnrecognizedVMOptions -Dosgi.requiredJavaVersion=21 -Dfile.encoding=UTF-8 --enable-native-access=ALL-UNNAMED --add-modules=ALL-DEFAULT --add-opens=java.base/java.io=ALL-UNNAMED --add-opens=java.base/java.lang=ALL-UNNAMED --add-opens=java.base/java.lang.reflect=ALL-UNNAMED --add-opens=java.base/java.net=ALL-UNNAMED --add-opens=java.base/java.nio=ALL-UNNAMED --add-opens=java.base/java.nio.charset=ALL-UNNAMED --add-opens=java.base/java.text=ALL-UNNAMED --add-opens=java.base/java.time=ALL-UNNAMED --add-opens=java.base/java.util=ALL-UNNAMED --add-opens=java.base/java.util.concurrent=ALL-UNNAMED --add-opens=java.base/java.util.concurrent.atomic=ALL-UNNAMED --add-opens=java.base/jdk.internal.vm=ALL-UNNAMED --add-opens=java.base/jdk.internal.misc=ALL-UNNAMED --add-opens=java.base/sun.nio.ch=ALL-UNNAMED --add-opens=java.base/sun.nio.fs=ALL-UNNAMED --add-opens=java.base/sun.security.ssl=ALL-UNNAMED --add-opens=java.base/sun.security.util=ALL-UNNAMED --add-opens=java.security.jgss/sun.security.jgss=ALL-UNNAMED --add-opens=java.security.jgss/sun.security.krb5=ALL-UNNAMED --add-opens=java.desktop/java.awt=ALL-UNNAMED --add-opens=java.desktop/java.awt.peer=ALL-UNNAMED --add-opens=java.sql/java.sql=ALL-UNNAMED -Xms64m -Xmx1024m -Ddbeaver.distribution.type=deb -Duser.home=/home/aminvell/snap/dbeaver-ce/543 /snap/dbeaver-ce/543/usr/share/dbeaver-ce//plugins/org.jkiss.dbeaver.launcher_1.0.59.202608181400.jar -os linux -ws gtk -arch x86_64 -showsplash -launcher /snap/dbeaver-ce/543/usr/share/dbeaver-ce/dbeaver -name Dbeaver --launcher.library /snap/dbeaver-ce/543/usr/share/dbeaver-ce//plugins/org.eclipse.equinox.launcher.gtk.linux.x86_64_1.2.1500.v20250801-0854/eclipse_11916.so -startup /snap/dbeaver-ce/543/usr/share/dbeaver-ce//plugins/org.jkiss.dbeaver.launcher_1.0.59.202608181400.jar --launcher.overrideVmargs -exitdata 1c -vm /snap/dbeaver-ce/543/usr/share/dbeaver-ce/jre/bin/java -vmargs -XX:+IgnoreUnrecognizedVMOptions -Dosgi.requiredJavaVersion=21 -Dfile.encoding=UTF-8 --enable-native-access=ALL-UNNAMED --add-modules=ALL-DEFAULT --add-opens=java.base/java.io=ALL-UNNAMED --add-opens=java.base/java.lang=ALL-UNNAMED --add-opens=java.base/java.lang.reflect=ALL-UNNAMED --add-opens=java.base/java.net=ALL-UNNAMED --add-opens=java.base/java.nio=ALL-UNNAMED --add-opens=java.base/java.nio.charset=ALL-UNNAMED --add-opens=java.base/java.text=ALL-UNNAMED --add-opens=java.base/java.time=ALL-UNNAMED --add-opens=java.base/java.util=ALL-UNNAMED --add-opens=java.base/java.util.concurrent=ALL-UNNAMED --add-opens=java.base/java.util.concurrent.atomic=ALL-UNNAMED --add-opens=java.base/jdk.internal.vm=ALL-UNNAMED --add-opens=java.base/jdk.internal.misc=ALL-UNNAMED --add-opens=java.base/sun.nio.ch=ALL-UNNAMED --add-opens=java.base/sun.nio.fs=ALL-UNNAMED --add-opens=java.base/sun.security.ssl=ALL-UNNAMED --add-opens=java.base/sun.security.util=ALL-UNNAMED --add-opens=java.security.jgss/sun.security.jgss=ALL-UNNAMED --add-opens=java.security.jgss/sun.security.krb5=ALL-UNNAMED --add-opens=java.desktop/java.awt=ALL-UNNAMED --add-opens=java.desktop/java.awt.peer=ALL-UNNAMED --add-opens=java.sql/java.sql=ALL-UNNAMED -Xms64m -Xmx1024m -Ddbeaver.distribution.type=deb -jar /snap/dbeaver-ce/543/usr/share/dbeaver-ce//plugins/org.jkiss.dbeaver.launcher_1.0.59.202608181400.jar

Host: AMD Ryzen AI 7 PRO 350 w/ Radeon 860M, 16 cores, 22G, Ubuntu 25.10
Time: Thu Aug 27 11:04:07 2026 CEST elapsed time: 1.849087 seconds (0d 0h 0m 1s)

---------------  T H R E A D  ---------------

Current thread (0x000075bd5402e670):  JavaThread "main"             [_thread_in_native, id=266282, stack(0x000075bd5aeee000,0x000075bd5afee000) (1024K)]

Stack: [0x000075bd5aeee000,0x000075bd5afee000],  sp=0x000075bd5afeac50,  free space=1011k
Native frames: (J=compiled Java code, j=interpreted, Vv=VM code, C=native code)
C  [libgtk-3.so.0+0x3778d0]  gtk_widget_realize+0x40
C  [libswt-pi3-gtk-4973r12.so+0x49e30]  Java_org_eclipse_swt_internal_gtk_GTK_gtk_1widget_1realize+0xc
j  org.eclipse.swt.widgets.Shell.createHandle(I)V+620
j  org.eclipse.swt.widgets.Widget.createWidget(I)V+2
j  org.eclipse.swt.widgets.Control.createWidget(I)V+22
j  org.eclipse.swt.widgets.Scrollable.createWidget(I)V+2
j  org.eclipse.swt.widgets.Decorations.createWidget(I)V+2
j  org.eclipse.swt.widgets.Shell.<init>(Lorg/eclipse/swt/widgets/Display;Lorg/eclipse/swt/widgets/Shell;IJZ)V+167
j  org.eclipse.swt.widgets.Shell.internal_new(Lorg/eclipse/swt/widgets/Display;J)Lorg/eclipse/swt/widgets/Shell;+10
j  org.eclipse.ui.internal.WorkbenchPlugin.getSplashShell(Lorg/eclipse/swt/widgets/Display;)Lorg/eclipse/swt/widgets/Shell;+64
j  org.jkiss.dbeaver.ui.app.standalone.ApplicationWorkbenchWindowAdvisor.runWithSplashHidden(Ljava/lang/Runnable;)V+3
j  org.jkiss.dbeaver.ui.app.standalone.ApplicationWorkbenchWindowAdvisor.showProductConfigDialog()V+22
j  org.jkiss.dbeaver.ui.app.standalone.ApplicationWorkbenchWindowAdvisor.preWindowOpen()V+9
j  org.eclipse.ui.internal.WorkbenchWindow.fireWindowOpening()V+4
j  org.eclipse.ui.internal.WorkbenchWindow.setup()V+419
j  java.lang.invoke.LambdaForm$DMH+0x0000000077089800.invokeVirtual(Ljava/lang/Object;Ljava/lang/Object;)V+10 java.base@25.0.3
j  java.lang.invoke.LambdaForm$MH+0x0000000077389c00.invoke(Ljava/lang/Object;Ljava/lang/Object;)Ljava/lang/Object;+31 java.base@25.0.3
J 1506 c1 jdk.internal.reflect.DirectMethodHandleAccessor.invoke(Ljava/lang/Object;[Ljava/lang/Object;)Ljava/lang/Object; java.base@25.0.3 (92 bytes) @ 0x000075bd410aff0c [0x000075bd410aed00+0x000000000000120c]
J 1512 c1 java.lang.reflect.Method.invoke(Ljava/lang/Object;[Ljava/lang/Object;)Ljava/lang/Object; java.base@25.0.3 (108 bytes) @ 0x000075bd410a98a4 [0x000075bd410a9300+0x00000000000005a4]
j  org.eclipse.e4.core.internal.di.MethodRequestor.execute()Ljava/lang/Object;+77
j  org.eclipse.e4.core.internal.di.InjectorImpl.processAnnotated(Lorg/eclipse/e4/core/internal/di/AnnotationLookup$AnnotationProxy;Ljava/lang/Object;Ljava/lang/Class;Lorg/eclipse/e4/core/di/suppliers/PrimaryObjectSupplier;Lorg/eclipse/e4/core/di/suppliers/PrimaryObjectSupplier;Ljava/util/List;)V+190
j  org.eclipse.e4.core.internal.di.InjectorImpl.internalInject(Ljava/lang/Object;Lorg/eclipse/e4/core/di/suppliers/PrimaryObjectSupplier;Lorg/eclipse/e4/core/di/suppliers/PrimaryObjectSupplier;)V+175
j  org.eclipse.e4.core.internal.di.InjectorImpl.inject(Ljava/lang/Object;Lorg/eclipse/e4/core/di/suppliers/PrimaryObjectSupplier;)V+4
j  org.eclipse.e4.core.contexts.ContextInjectionFactory.inject(Ljava/lang/Object;Lorg/eclipse/e4/core/contexts/IEclipseContext;)V+13
j  org.eclipse.ui.internal.Workbench.createWorkbenchWindow(Lorg/eclipse/core/runtime/IAdaptable;Lorg/eclipse/ui/IPerspectiveDescriptor;Lorg/eclipse/e4/ui/model/application/ui/basic/MWindow;Z)Lorg/eclipse/ui/IWorkbenchWindow;+180
j  org.eclipse.ui.internal.Workbench.getActiveWorkbenchWindow()Lorg/eclipse/ui/IWorkbenchWindow;+179
j  org.jkiss.dbeaver.ui.app.standalone.ApplicationWorkbenchAdvisor.resetPerspectiveIfNeeded()V+3
j  org.jkiss.dbeaver.ui.app.standalone.ApplicationWorkbenchAdvisor.postStartup()V+17
j  org.eclipse.ui.internal.Workbench.lambda$19()V+4
j  org.eclipse.ui.internal.Workbench$$Lambda+0x0000000077635020.run()V+4
j  org.eclipse.e4.ui.internal.workbench.swt.PartRenderingEngine$5.run()V+432
j  org.eclipse.core.databinding.observable.Realm.runWithDefault(Lorg/eclipse/core/databinding/observable/Realm;Ljava/lang/Runnable;)V+12
j  org.eclipse.e4.ui.internal.workbench.swt.PartRenderingEngine.run(Lorg/eclipse/e4/ui/model/application/MApplicationElement;Lorg/eclipse/e4/core/contexts/IEclipseContext;)Ljava/lang/Object;+57
j  org.eclipse.e4.ui.internal.workbench.E4Workbench.createAndRunUI(Lorg/eclipse/e4/ui/model/application/MApplicationElement;)V+20
j  org.eclipse.ui.internal.Workbench.lambda$3(Lorg/eclipse/swt/widgets/Display;Lorg/eclipse/ui/application/WorkbenchAdvisor;[I)V+352
j  org.eclipse.ui.internal.Workbench$$Lambda+0x0000000077486f00.run()V+12
j  org.eclipse.core.databinding.observable.Realm.runWithDefault(Lorg/eclipse/core/databinding/observable/Realm;Ljava/lang/Runnable;)V+12
j  org.eclipse.ui.internal.Workbench.createAndRunWorkbench(Lorg/eclipse/swt/widgets/Display;Lorg/eclipse/ui/application/WorkbenchAdvisor;)I+16
j  org.eclipse.ui.PlatformUI.createAndRunWorkbench(Lorg/eclipse/swt/widgets/Display;Lorg/eclipse/ui/application/WorkbenchAdvisor;)I+2
j  org.jkiss.dbeaver.ui.app.standalone.DBeaverApplication.start(Lorg/eclipse/equinox/app/IApplicationContext;)Ljava/lang/Object;+772
j  org.eclipse.equinox.internal.app.EclipseAppHandle.run(Ljava/lang/Object;)Ljava/lang/Object;+138
j  org.eclipse.core.runtime.internal.adaptor.EclipseAppLauncher.runApplication(Ljava/lang/Object;)Ljava/lang/Object;+85
j  org.eclipse.core.runtime.internal.adaptor.EclipseAppLauncher.start(Ljava/lang/Object;)Ljava/lang/Object;+79
j  org.eclipse.core.runtime.adaptor.EclipseStarter.run(Ljava/lang/Object;)Ljava/lang/Object;+99
j  org.eclipse.core.runtime.adaptor.EclipseStarter.run([Ljava/lang/String;Ljava/lang/Runnable;)Ljava/lang/Object;+132
J 554 c1 java.lang.invoke.DirectMethodHandle$Holder.invokeStatic(Ljava/lang/Object;Ljava/lang/Object;Ljava/lang/Object;)Ljava/lang/Object; java.base@25.0.3 (15 bytes) @ 0x000075bd40f4b814 [0x000075bd40f4b580+0x0000000000000294]
j  java.lang.invoke.LambdaForm$MH+0x0000000077146800.invoke(Ljava/lang/Object;Ljava/lang/Object;Ljava/lang/Object;Ljava/lang/Object;)Ljava/lang/Object;+54 java.base@25.0.3
j  java.lang.invoke.LambdaForm$MH+0x0000000077146c00.invokeExact_MT(Ljava/lang/Object;Ljava/lang/Object;Ljava/lang/Object;Ljava/lang/Object;Ljava/lang/Object;)Ljava/lang/Object;+22 java.base@25.0.3
j  jdk.internal.reflect.DirectMethodHandleAccessor.invokeImpl(Ljava/lang/Object;[Ljava/lang/Object;)Ljava/lang/Object;+72 java.base@25.0.3
j  jdk.internal.reflect.DirectMethodHandleAccessor.invoke(Ljava/lang/Object;[Ljava/lang/Object;)Ljava/lang/Object;+23 java.base@25.0.3
j  java.lang.reflect.Method.invoke(Ljava/lang/Object;[Ljava/lang/Object;)Ljava/lang/Object;+102 java.base@25.0.3
j  org.jkiss.dbeaver.launcher.DBeaverLauncher.invokeFramework([Ljava/lang/String;[Ljava/net/URL;)V+205
j  org.jkiss.dbeaver.launcher.DBeaverLauncher.basicRun([Ljava/lang/String;)V+481
j  org.jkiss.dbeaver.launcher.DBeaverLauncher.run([Ljava/lang/String;)I+57
j  org.jkiss.dbeaver.launcher.DBeaverLauncher.main([Ljava/lang/String;)V+10
v  ~StubRoutines::call_stub 0x000075bd482f8fa6
V  [libjvm.so+0xa23840]  JavaCalls::call_helper(JavaValue*, methodHandle const&, JavaCallArguments*, JavaThread*)+0x2b0
V  [libjvm.so+0xaedd96]  jni_invoke_static(JNIEnv_*, JavaValue*, _jobject*, JNICallType, _jmethodID*, JNI_ArgumentPusher*, JavaThread*) [clone .constprop.1]+0x396
V  [libjvm.so+0xaf0c51]  jni_CallStaticVoidMethod+0x161
C  [libjli.so+0xa77a]  invokeStaticMainWithArgs+0x4a
C  [libjli.so+0xb800]  JavaMain+0xeb0
C  [libjli.so+0xed89]  ThreadJavaMain+0x9
C  [libc.so.6+0xa3d64]
Java frames: (J=compiled Java code, j=interpreted, Vv=VM code)
J 7261  org.eclipse.swt.internal.gtk.GTK.gtk_widget_realize(J)V (0 bytes) @ 0x000075bd48ce3749 [0x000075bd48ce3700+0x0000000000000049]
j  org.eclipse.swt.widgets.Shell.createHandle(I)V+620
j  org.eclipse.swt.widgets.Widget.createWidget(I)V+2
j  org.eclipse.swt.widgets.Control.createWidget(I)V+22
j  org.eclipse.swt.widgets.Scrollable.createWidget(I)V+2
j  org.eclipse.swt.widgets.Decorations.createWidget(I)V+2
j  org.eclipse.swt.widgets.Shell.<init>(Lorg/eclipse/swt/widgets/Display;Lorg/eclipse/swt/widgets/Shell;IJZ)V+167
j  org.eclipse.swt.widgets.Shell.internal_new(Lorg/eclipse/swt/widgets/Display;J)Lorg/eclipse/swt/widgets/Shell;+10
j  org.eclipse.ui.internal.WorkbenchPlugin.getSplashShell(Lorg/eclipse/swt/widgets/Display;)Lorg/eclipse/swt/widgets/Shell;+64
j  org.jkiss.dbeaver.ui.app.standalone.ApplicationWorkbenchWindowAdvisor.runWithSplashHidden(Ljava/lang/Runnable;)V+3
j  org.jkiss.dbeaver.ui.app.standalone.ApplicationWorkbenchWindowAdvisor.showProductConfigDialog()V+22
j  org.jkiss.dbeaver.ui.app.standalone.ApplicationWorkbenchWindowAdvisor.preWindowOpen()V+9
j  org.eclipse.ui.internal.WorkbenchWindow.fireWindowOpening()V+4
j  org.eclipse.ui.internal.WorkbenchWindow.setup()V+419
j  java.lang.invoke.LambdaForm$DMH+0x0000000077089800.invokeVirtual(Ljava/lang/Object;Ljava/lang/Object;)V+10 java.base@25.0.3
j  java.lang.invoke.LambdaForm$MH+0x0000000077389c00.invoke(Ljava/lang/Object;Ljava/lang/Object;)Ljava/lang/Object;+31 java.base@25.0.3
J 1506 c1 jdk.internal.reflect.DirectMethodHandleAccessor.invoke(Ljava/lang/Object;[Ljava/lang/Object;)Ljava/lang/Object; java.base@25.0.3 (92 bytes) @ 0x000075bd410aff0c [0x000075bd410aed00+0x000000000000120c]
J 1512 c1 java.lang.reflect.Method.invoke(Ljava/lang/Object;[Ljava/lang/Object;)Ljava/lang/Object; java.base@25.0.3 (108 bytes) @ 0x000075bd410a98a4 [0x000075bd410a9300+0x00000000000005a4]
j  org.eclipse.e4.core.internal.di.MethodRequestor.execute()Ljava/lang/Object;+77
j  org.eclipse.e4.core.internal.di.InjectorImpl.processAnnotated(Lorg/eclipse/e4/core/internal/di/AnnotationLookup$AnnotationProxy;Ljava/lang/Object;Ljava/lang/Class;Lorg/eclipse/e4/core/di/suppliers/PrimaryObjectSupplier;Lorg/eclipse/e4/core/di/suppliers/PrimaryObjectSupplier;Ljava/util/List;)V+190
j  org.eclipse.e4.core.internal.di.InjectorImpl.internalInject(Ljava/lang/Object;Lorg/eclipse/e4/core/di/suppliers/PrimaryObjectSupplier;Lorg/eclipse/e4/core/di/suppliers/PrimaryObjectSupplier;)V+175
j  org.eclipse.e4.core.internal.di.InjectorImpl.inject(Ljava/lang/Object;Lorg/eclipse/e4/core/di/suppliers/PrimaryObjectSupplier;)V+4
j  org.eclipse.e4.core.contexts.ContextInjectionFactory.inject(Ljava/lang/Object;Lorg/eclipse/e4/core/contexts/IEclipseContext;)V+13
j  org.eclipse.ui.internal.Workbench.createWorkbenchWindow(Lorg/eclipse/core/runtime/IAdaptable;Lorg/eclipse/ui/IPerspectiveDescriptor;Lorg/eclipse/e4/ui/model/application/ui/basic/MWindow;Z)Lorg/eclipse/ui/IWorkbenchWindow;+180
j  org.eclipse.ui.internal.Workbench.getActiveWorkbenchWindow()Lorg/eclipse/ui/IWorkbenchWindow;+179
j  org.jkiss.dbeaver.ui.app.standalone.ApplicationWorkbenchAdvisor.resetPerspectiveIfNeeded()V+3
j  org.jkiss.dbeaver.ui.app.standalone.ApplicationWorkbenchAdvisor.postStartup()V+17
j  org.eclipse.ui.internal.Workbench.lambda$19()V+4
j  org.eclipse.ui.internal.Workbench$$Lambda+0x0000000077635020.run()V+4
j  org.eclipse.e4.ui.internal.workbench.swt.PartRenderingEngine$5.run()V+432
j  org.eclipse.core.databinding.observable.Realm.runWithDefault(Lorg/eclipse/core/databinding/observable/Realm;Ljava/lang/Runnable;)V+12
j  org.eclipse.e4.ui.internal.workbench.swt.PartRenderingEngine.run(Lorg/eclipse/e4/ui/model/application/MApplicationElement;Lorg/eclipse/e4/core/contexts/IEclipseContext;)Ljava/lang/Object;+57
j  org.eclipse.e4.ui.internal.workbench.E4Workbench.createAndRunUI(Lorg/eclipse/e4/ui/model/application/MApplicationElement;)V+20
j  org.eclipse.ui.internal.Workbench.lambda$3(Lorg/eclipse/swt/widgets/Display;Lorg/eclipse/ui/application/WorkbenchAdvisor;[I)V+352
j  org.eclipse.ui.internal.Workbench$$Lambda+0x0000000077486f00.run()V+12
j  org.eclipse.core.databinding.observable.Realm.runWithDefault(Lorg/eclipse/core/databinding/observable/Realm;Ljava/lang/Runnable;)V+12
j  org.eclipse.ui.internal.Workbench.createAndRunWorkbench(Lorg/eclipse/swt/widgets/Display;Lorg/eclipse/ui/application/WorkbenchAdvisor;)I+16
j  org.eclipse.ui.PlatformUI.createAndRunWorkbench(Lorg/eclipse/swt/widgets/Display;Lorg/eclipse/ui/application/WorkbenchAdvisor;)I+2
j  org.jkiss.dbeaver.ui.app.standalone.DBeaverApplication.start(Lorg/eclipse/equinox/app/IApplicationContext;)Ljava/lang/Object;+772
j  org.eclipse.equinox.internal.app.EclipseAppHandle.run(Ljava/lang/Object;)Ljava/lang/Object;+138
j  org.eclipse.core.runtime.internal.adaptor.EclipseAppLauncher.runApplication(Ljava/lang/Object;)Ljava/lang/Object;+85
j  org.eclipse.core.runtime.internal.adaptor.EclipseAppLauncher.start(Ljava/lang/Object;)Ljava/lang/Object;+79
j  org.eclipse.core.runtime.adaptor.EclipseStarter.run(Ljava/lang/Object;)Ljava/lang/Object;+99
j  org.eclipse.core.runtime.adaptor.EclipseStarter.run([Ljava/lang/String;Ljava/lang/Runnable;)Ljava/lang/Object;+132
J 554 c1 java.lang.invoke.DirectMethodHandle$Holder.invokeStatic(Ljava/lang/Object;Ljava/lang/Object;Ljava/lang/Object;)Ljava/lang/Object; java.base@25.0.3 (15 bytes) @ 0x000075bd40f4b814 [0x000075bd40f4b580+0x0000000000000294]
j  java.lang.invoke.LambdaForm$MH+0x0000000077146800.invoke(Ljava/lang/Object;Ljava/lang/Object;Ljava/lang/Object;Ljava/lang/Object;)Ljava/lang/Object;+54 java.base@25.0.3
j  java.lang.invoke.LambdaForm$MH+0x0000000077146c00.invokeExact_MT(Ljava/lang/Object;Ljava/lang/Object;Ljava/lang/Object;Ljava/lang/Object;Ljava/lang/Object;)Ljava/lang/Object;+22 java.base@25.0.3
j  jdk.internal.reflect.DirectMethodHandleAccessor.invokeImpl(Ljava/lang/Object;[Ljava/lang/Object;)Ljava/lang/Object;+72 java.base@25.0.3
j  jdk.internal.reflect.DirectMethodHandleAccessor.invoke(Ljava/lang/Object;[Ljava/lang/Object;)Ljava/lang/Object;+23 java.base@25.0.3
j  java.lang.reflect.Method.invoke(Ljava/lang/Object;[Ljava/lang/Object;)Ljava/lang/Object;+102 java.base@25.0.3
j  org.jkiss.dbeaver.launcher.DBeaverLauncher.invokeFramework([Ljava/lang/String;[Ljava/net/URL;)V+205
j  org.jkiss.dbeaver.launcher.DBeaverLauncher.basicRun([Ljava/lang/String;)V+481
j  org.jkiss.dbeaver.launcher.DBeaverLauncher.run([Ljava/lang/String;)I+57
j  org.jkiss.dbeaver.launcher.DBeaverLauncher.main([Ljava/lang/String;)V+10
v  ~StubRoutines::call_stub 0x000075bd482f8fa6

siginfo: si_signo: 11 (SIGSEGV), si_code: 128 (SI_KERNEL), si_addr: 0x0000000000000000

Registers:
RAX=0x000075bd543d6fc0, RBX=0x000075bd5442f880, RCX=0xfffffffffffffff5, RDX=0x0000000000000000
RSP=0x000075bd5afeac50, RBP=0x000075bd5afeacf0, RSI=0x000075bd543d6fc0, RDI=0x000075bd5442f880
R8 =0x000075bd540008e0, R9 =0x000075bd54db7620, R10=0x000075bd48ce3749, R11=0x000075bd48ce3710
R12=0x000f000e00010400, R13=0x000075bd5afead60, R14=0x000075bd5afead40, R15=0x000075bd5402e670
RIP=0x000075bcefb778d0, EFLAGS=0x0000000000010206, CSGSFS=0x002b000000000033, ERR=0x0000000000000000
  TRAPNO=0x000000000000000d

XMM[0]=0x0000000000000000 0x0000000000000000
XMM[1]=0x000075bd5afeab60 0x000075bd5afeab68
XMM[2]=0x0000000000000000 0x000075bd5afeab60
XMM[3]=0x0000000000000000 0x0000000000000000
XMM[4]=0x0000000000000000 0x000075bd54000090
XMM[5]=0x0000000000000000 0x0000000000000000
XMM[6]=0x0000000000000000 0x0000000000000000
XMM[7]=0x0000000000000000 0x0000000000000000
XMM[8]=0x78185245d5240c5e 0xfddd5fdc4c0578ba
XMM[9]=0x262825ab262825ab 0x262825ab33196936
XMM[10]=0x0000000000000000 0x000000000cf1438b
XMM[11]=0xf73533c5f73533c5 0xf73533c52a4e9cfb
XMM[12]=0x0000000000000000 0x0000000033196936
XMM[13]=0x0000000000000000 0x00000000733e1653
XMM[14]=0x0000000000000000 0xa8c24779fb3e2a5a
XMM[15]=0x0000000000000000 0x00000000527be2e1
  MXCSR=0x00001fa2


Register to memory mapping:

RAX=0x000075bd543d6fc0 points into unknown readable memory: 0x0000000000000000 | 00 00 00 00 00 00 00 00
RBX=0x000075bd5442f880 points into unknown readable memory: 0x000f000e00010400 | 00 04 01 00 0e 00 0f 00
RCX=0xfffffffffffffff5 is an unknown value
RDX=0x0 is null
RSP=0x000075bd5afeac50 is pointing into the stack for thread: 0x000075bd5402e670
RBP=0x000075bd5afeacf0 is pointing into the stack for thread: 0x000075bd5402e670
RSI=0x000075bd543d6fc0 points into unknown readable memory: 0x0000000000000000 | 00 00 00 00 00 00 00 00
RDI=0x000075bd5442f880 points into unknown readable memory: 0x000f000e00010400 | 00 04 01 00 0e 00 0f 00
R8 =0x000075bd540008e0 points into unknown readable memory: 0x0007000600070005 | 05 00 07 00 06 00 07 00
R9 =0x000075bd54db7620 points into unknown readable memory: 0x000075bd543c69a0 | a0 69 3c 54 bd 75 00 00
R10=0x000075bd48ce3749 is at entry_point+73 in (nmethod*)0x000075bd48ce3608
Compiled method (n/a) 1851 7261     n 0       org.eclipse.swt.internal.gtk.GTK::gtk_widget_realize (native)
 total in heap  [0x000075bd48ce3608,0x000075bd48ce3860] = 600
 main code      [0x000075bd48ce3700,0x000075bd48ce3857] = 343
 stub code      [0x000075bd48ce3857,0x000075bd48ce3858] = 1
 oops           [0x000075bd48ce3858,0x000075bd48ce3860] = 8
 mutable data [0x000075bd54497300,0x000075bd54497320] = 32
 relocation     [0x000075bd54497300,0x000075bd54497320] = 32
0x000075bd48ce372f:   48 8b d6 49 be 68 42 31 c1 00 00 00 00 4c 89 74
0x000075bd48ce373f:   24 30 4c 8d 74 24 30 49 8b f6 c5 f8 77 
R11=0x000075bd48ce3710 is at entry_point+16 in (nmethod*)0x000075bd48ce3608
Compiled method (n/a) 1851 7261     n 0       org.eclipse.swt.internal.gtk.GTK::gtk_widget_realize (native)
 total in heap  [0x000075bd48ce3608,0x000075bd48ce3860] = 600
 main code      [0x000075bd48ce3700,0x000075bd48ce3857] = 343
 stub code      [0x000075bd48ce3857,0x000075bd48ce3858] = 1
 oops           [0x000075bd48ce3858,0x000075bd48ce3860] = 8
 mutable data [0x000075bd54497300,0x000075bd54497320] = 32
 relocation     [0x000075bd54497300,0x000075bd54497320] = 32
0x000075bd48ce3710:   89 84 24 00 c0 fe ff 55 48 8b ec 48 83 ec 40 90
0x000075bd48ce3720:   41 81 7f 20 05 00 00 00 74 05 
R12=0x000f000e00010400 is an unknown value
R13=0x000075bd5afead60 is pointing into the stack for thread: 0x000075bd5402e670
R14=0x000075bd5afead40 is pointing into the stack for thread: 0x000075bd5402e670
R15=0x000075bd5402e670 is a thread

Top of Stack: (sp=0x000075bd5afeac50)
0x000075bd5afeac50:   0000000000000046 0000000000000001   F...............
0x000075bd5afeac60:   0000000000000000 000075bd5afeac90   ...........Z.u..
0x000075bd5afeac70:   000075bd5afead18 000075bd48300426   ...Z.u..&.0H.u..
0x000075bd5afeac80:   00000000c2531ac0 000075bd483023d7   ..S......#0H.u..
0x000075bd5afeac90:   0000000000000001 0000000000000000   ................
0x000075bd5afeaca0:   0000000000000001 0000000000000001   ................
0x000075bd5afeacb0:   000075bd54274730 9a38776253f43a00   0G'T.u...:.Sbw8.
0x000075bd5afeacc0:   000075bd5452b2a0 000075bd2175aee0   ..RT.u....u!.u..
0x000075bd5afeacd0:   0000000000000000 000075bd5afead60   ........`..Z.u..
0x000075bd5afeace0:   000075bd5afead40 000075bd5402e670   @..Z.u..p..T.u..
0x000075bd5afeacf0:   000075bd5afead50 000075bcca3c7e30   P..Z.u..0~<..u..
0x000075bd5afead00:   fffffffffffffff7 000075bd48ce3782   .........7.H.u..
0x000075bd5afead10:   0000000000000003 000075bd2175cbe8   ..........u!.u..
0x000075bd5afead20:   0000000000000000 00000000c1314268   ........hB1.....
0x000075bd5afead30:   000075bd2175bc00 0000000000000000   ..u!.u..........
0x000075bd5afead40:   00000000c1314268 000075bd5afeadb8   hB1........Z.u..
0x000075bd5afead50:   000075bd5afeadb8 000075bd48300426   ...Z.u..&.0H.u..
0x000075bd5afead60:   000075bd5442f880 0000000000000000   ..BT.u..........
0x000075bd5afead70:   fffffffffffffff7 000075bd215d90c4   ..........]!.u..
0x000075bd5afead80:   0000000000000009 000075bd2221a240   ........@.!".u..
0x000075bd5afead90:   0000000000000000 00000000c13197c8   ..........1.....
0x000075bd5afeada0:   000075bd215d9178 fffffffffffffff5   x.]!.u..........
0x000075bd5afeadb0:   000075bd5afeadf8 000075bd5afeae50   ...Z.u..P..Z.u..
0x000075bd5afeadc0:   000075bd48300426 0000000000000000   &.0H.u..........
0x000075bd5afeadd0:   0000000000000000 0000000000000000   ................
0x000075bd5afeade0:   0000000000000000 0000000000000000   ................
0x000075bd5afeadf0:   0000000000000000 0000000000000000   ................
0x000075bd5afeae00:   00000000c4c42cf8 fffffffffffffff7   .,..............
0x000075bd5afeae10:   000075bd215b87e2 0000000000000003   ..[!.u..........
0x000075bd5afeae20:   000075bd2220ca08 0000000000000000   .. ".u..........
0x000075bd5afeae30:   00000000c1319d50 000075bd215b8818   P.1.......[!.u..
0x000075bd5afeae40:   fffffffffffffff5 000075bd5afeae60   ........`..Z.u..

Instructions: (pc=0x000075bcefb778d0)
  0x000075bcefb777d0:   24 18 00 74 65 8b 73 1c 85 f6 75 7f 48 8b 7b 48
  0x000075bcefb777e0:   80 63 06 f7 48 85 ff 0f 84 96 00 00 00 48 83 c4
  0x000075bcefb777f0:   08 31 f6 5b 41 5c 41 5e 5d e9 a2 69 f5 ff 66 90
  0x000075bcefb77800:   49 8b 44 24 20 8b 70 10 85 f6 74 bd 48 8b 78 08
  0x000075bcefb77810:   e8 3b 07 d2 ff 49 8b 44 24 20 c7 40 10 00 00 00
  0x000075bcefb77820:   00 49 8b 44 24 20 48 c7 40 08 00 00 00 00 4c 8b
  0x000075bcefb77830:   63 40 49 83 7c 24 18 00 75 9b 4c 89 e7 e8 be e6
  0x000075bcefb77840:   dc ff 4c 89 e7 48 be 00 00 00 00 08 00 00 00 e8
  0x000075bcefb77850:   1c dd dc ff 8b 73 1c 85 f6 74 81 4c 89 f7 e8 ed
  0x000075bcefb77860:   06 d2 ff c7 43 1c 00 00 00 00 4c 89 f7 e8 be 22
  0x000075bcefb77870:   d2 ff 48 8b 7b 48 80 63 06 f7 48 85 ff 0f 85 6a
  0x000075bcefb77880:   ff ff ff 48 83 c4 08 5b 41 5c 41 5e 5d c3 66 90
  0x000075bcefb77890:   f3 0f 1e fa 55 48 89 e5 41 57 41 56 41 55 41 54
  0x000075bcefb778a0:   53 48 83 ec 78 64 48 8b 04 25 28 00 00 00 48 89
  0x000075bcefb778b0:   45 c8 31 c0 48 85 ff 0f 84 8b 01 00 00 48 89 fb
  0x000075bcefb778c0:   e8 ab 82 ff ff 4c 8b 23 48 89 c6 4d 85 e4 74 0a
=>0x000075bcefb778d0:   49 39 04 24 0f 84 ae 01 00 00 48 89 df e8 5e 20
  0x000075bcefb778e0:   d2 ff 85 c0 0f 84 5e 01 00 00 4c 8b 6b 18 41 f6
  0x000075bcefb778f0:   45 02 02 75 26 e8 46 93 e7 ff 4d 85 e4 74 09 49
  0x000075bcefb77900:   8b 34 24 48 39 c6 74 13 48 89 c6 48 89 df e8 2d
  0x000075bcefb77910:   20 d2 ff 85 c0 0f 84 6d 02 00 00 41 0f b6 45 02
  0x000075bcefb77920:   a8 10 0f 85 28 02 00 00 49 8b bd d0 00 00 00 48
  0x000075bcefb77930:   85 ff 0f 84 c8 02 00 00 48 8b 47 18 f6 40 02 10
  0x000075bcefb77940:   0f 84 32 02 00 00 48 89 df e8 32 2f 07 00 8b 35
  0x000075bcefb77950:   80 39 43 00 31 d2 31 c0 48 89 df e8 c0 ef d1 ff
  0x000075bcefb77960:   48 89 df e8 78 8c 00 00 ba 01 00 00 00 48 89 df
  0x000075bcefb77970:   89 c6 e8 29 88 00 00 41 f6 45 04 40 0f 85 2e 02
  0x000075bcefb77980:   00 00 48 89 df e8 26 76 00 00 41 f6 45 04 20 0f
  0x000075bcefb77990:   85 4f 02 00 00 8b 35 01 64 43 00 48 89 df e8 7d
  0x000075bcefb779a0:   d9 d1 ff 48 85 c0 0f 84 04 01 00 00 48 89 c6 48
  0x000075bcefb779b0:   8d 7d a0 e8 58 f8 d1 ff eb 26 66 0f 1f 44 00 00
  0x000075bcefb779c0:   48 89 7d 80 48 8d 4d 80 48 c7 45 88 00 00 00 00


Stack slot to memory mapping:

stack at sp + 0 slots: 0x0000000000000046 is an unknown value
stack at sp + 1 slots: 0x0000000000000001 is an unknown value
stack at sp + 2 slots: 0x0 is null
stack at sp + 3 slots: 0x000075bd5afeac90 is pointing into the stack for thread: 0x000075bd5402e670
stack at sp + 4 slots: 0x000075bd5afead18 is pointing into the stack for thread: 0x000075bd5402e670
stack at sp + 5 slots: 0x000075bd48300426 is at code_begin+1254 in an Interpreter codelet
return entry points  [0x000075bd482fff40, 0x000075bd48300b88]  3144 bytes
stack at sp + 6 slots: 0x00000000c2531ac0 is an oop: java.lang.Class 
{0x00000000c2531ac0} - klass: 'java/lang/Class' - flags: 

 - ---- fields (total size 15 words):
 - private volatile transient 'classRedefinedCount' 'I' @12  0 (0x00000000)
 - injected 'klass' 'J' @16  2001076224 (0x0000000077460000)
 - injected 'array_klass' 'J' @24  0 (0x0000000000000000)
 - injected 'oop_size' 'I' @32  15 (0x0000000f)
 - injected 'static_oop_field_count' 'I' @36  0 (0x00000000)
 - private final transient 'modifiers' 'C' @40    1 (0x0001)
 - private final transient 'primitive' 'Z' @42  false (0x00)
 - private volatile transient 'cachedConstructor' 'Ljava/lang/reflect/Constructor;' @44  null (0x00000000)
 - private transient 'name' 'Ljava/lang/String;' @48  "org.eclipse.swt.internal.gtk3.GTK3"{0x00000000c2531b38} (0xc2531b38)
 - private transient 'module' 'Ljava/lang/Module;' @52  a 'java/lang/Module'{0x00000000c1313b18} (0xc1313b18)
 - private final 'classLoader' 'Ljava/lang/ClassLoader;' @56  a 'org/eclipse/osgi/internal/loader/EquinoxClassLoader'{0x00000000c1313aa8} (0xc1313aa8)
 - private transient 'classData' 'Ljava/lang/Object;' @60  null (0x00000000)
 - private transient 'signers' '[Ljava/lang/Object;' @64  null (0x00000000)
 - private transient 'packageName' 'Ljava/lang/String;' @68  "org.eclipse.swt.internal.gtk3"{0x00000000c251fda8} (0xc251fda8)
 - private final transient 'componentType' 'Ljava/lang/Class;' @72  null (0x00000000)
 - private final transient 'protectionDomain' 'Ljava/security/ProtectionDomain;' @76  a 'org/eclipse/osgi/internal/loader/ModuleClassLoader$GenerationProtectionDomain'{0x00000000c1314128} (0xc1314128)
 - private volatile transient 'reflectionData' 'Ljava/lang/ref/SoftReference;' @80  null (0x00000000)
 - private volatile transient 'genericInfo' 'Lsun/reflect/generics/repository/ClassRepository;' @84  null (0x00000000)
 - private volatile transient 'enumConstants' '[Ljava/lang/Object;' @88  null (0x00000000)
 - private volatile transient 'enumConstantDirectory' 'Ljava/util/Map;' @92  null (0x00000000)
 - private volatile transient 'annotationData' 'Ljava/lang/Class$AnnotationData;' @96  null (0x00000000)
 - private volatile transient 'annotationType' 'Lsun/reflect/annotation/AnnotationType;' @100  null (0x00000000)
 - transient 'classValueMap' 'Ljava/lang/ClassValue$ClassValueMap;' @104  null (0x00000000)
 - injected 'source_file' 'Ljava/lang/Object;' @108  null (0x00000000)
 - injected '<init_lock>' 'Ljava/lang/Object;' @112  null (0x00000000)
 - signature: Lorg/eclipse/swt/internal/gtk3/GTK3;
 - ---- static fields (0):
stack at sp + 7 slots: 0x000075bd483023d7 is at code_begin+23 in an Interpreter codelet
result handlers for native calls  [0x000075bd483023c0, 0x000075bd483023e0]  32 bytes

Lock stack of current Java thread (top to bottom):


Compiled method (c1) 1851 1506   !   3       jdk.internal.reflect.DirectMethodHandleAccessor::invoke (92 bytes)
 total in heap  [0x000075bd410aec08,0x000075bd410b0a20] = 7704
 main code      [0x000075bd410aed00,0x000075bd410b08d0] = 7120
 stub code      [0x000075bd410b08d0,0x000075bd410b0a08] = 312
 oops           [0x000075bd410b0a08,0x000075bd410b0a20] = 24
 mutable data [0x000075bcf8197880,0x000075bcf8197b80] = 768
 relocation     [0x000075bcf8197880,0x000075bcf8197b20] = 672
 metadata       [0x000075bcf8197b20,0x000075bcf8197b80] = 96
 immutable data [0x000075bcf8196970,0x000075bcf8197870] = 3840
 dependencies   [0x000075bcf8196970,0x000075bcf8196990] = 32
 nul chk table  [0x000075bcf8196990,0x000075bcf8196a28] = 152
 handler table  [0x000075bcf8196a28,0x000075bcf81970b8] = 1680
 scopes pcs     [0x000075bcf81970b8,0x000075bcf8197538] = 1152
 scopes data    [0x000075bcf8197538,0x000075bcf8197870] = 824

[Constant Pool (empty)]

[MachCode]
[Instructions begin]
  0x000075bd410aed00: 660f 1f84 | 0000 0000 | 0066 0f1f | 8400 0000 | 0000 448b | 5608 443b 

  0x000075bd410aed18: ;   {runtime_call Shared Runtime ic_miss_blob}
  0x000075bd410aed18: 5008 0f85 | c078 2907 
[Verified Entry Point]
  0x000075bd410aed20: 8984 2400 | c0fe ff55 | 4881 ec20 | 0100 0090 | 4181 7f20 | 0500 0000 

  0x000075bd410aed38: ;   {runtime_call Stub::method_entry_barrier}
  0x000075bd410aed38: 7405 e841 | 1828 0748 | 89b4 24a8 | 0000 0048 | 8994 24b8 

  0x000075bd410aed4c: ;   {metadata(method data for {method} {0x000075bd2046a1a8} 'invoke' '(Ljava/lang/Object;[Ljava/lang/Object;)Ljava/lang/Object;' in 'jdk/internal/reflect/DirectMethodHandleAccessor')}
  0x000075bd410aed4c: 0000 0048 | bf80 33d0 | 20bd 7500 | 008b 9f90 | 0000 0083 | c302 899f | 9000 0000 | 81e3 fe07 
  0x000075bd410aed6c: 0000 85db | 0f84 4317 | 0000 488b 

  0x000075bd410aed78: ;   {metadata(method data for {method} {0x000075bd2046a1a8} 'invoke' '(Ljava/lang/Object;[Ljava/lang/Object;)Ljava/lang/Object;' in 'jdk/internal/reflect/DirectMethodHandleAccessor')}
  0x000075bd410aed78: fe48 bb80 | 33d0 20bd | 7500 0048 | 8383 d800 

  0x000075bd410aed88: ;   {metadata(method data for {method} {0x000075bd2046a6b8} 'isStatic' '()Z' in 'jdk/internal/reflect/DirectMethodHandleAccessor')}
  0x000075bd410aed88: 0000 0148 | bf78 36d0 | 20bd 7500 | 008b 9f90 | 0000 0083 | c302 899f | 9000 0000 | 81e3 feff 
  0x000075bd410aeda8: 1f00 85db | 0f84 2817 | 0000 8b7e | 1081 e700 | 0200 0081 | ff00 0200 

  0x000075bd410aedc0: ;   {metadata(method data for {method} {0x000075bd2046a6b8} 'isStatic' '()Z' in 'jdk/internal/reflect/DirectMethodHandleAccessor')}
  0x000075bd410aedc0: 0048 bf78 | 36d0 20bd | 7500 00bb | d800 0000 | 7505 bbe8 | 0000 0048 | 8b04 1f48 | 8d40 0148 
  0x000075bd410aede0: 8904 1f0f | 851a 0000 

  0x000075bd410aede8: ;   {metadata(method data for {method} {0x000075bd2046a6b8} 'isStatic' '()Z' in 'jdk/internal/reflect/DirectMethodHandleAccessor')}
  0x000075bd410aede8: 0048 bf78 | 36d0 20bd | 7500 00ff | 87f8 0000 | 00bf 0100 | 0000 e905 | 0000 00bf | 0000 0000 
  0x000075bd410aee08: 83e7 0185 

  0x000075bd410aee0c: ;   {metadata(method data for {method} {0x000075bd2046a1a8} 'invoke' '(Ljava/lang/Object;[Ljava/lang/Object;)Ljava/lang/Object;' in 'jdk/internal/reflect/DirectMethodHandleAccessor')}
  0x000075bd410aee0c: ff48 bf80 | 33d0 20bd | 7500 00bb | 0801 0000 | 7505 bb18 | 0100 0048 | 8b04 1f48 | 8d40 0148 
  0x000075bd410aee2c: 8904 1f48 | 898c 24b0 | 0000 000f | 8537 0000 | 0048 8bfe 

  0x000075bd410aee40: ;   {metadata(method data for {method} {0x000075bd2046a1a8} 'invoke' '(Ljava/lang/Object;[Ljava/lang/Object;)Ljava/lang/Object;' in 'jdk/internal/reflect/DirectMethodHandleAccessor')}
  0x000075bd410aee40: 48bb 8033 | d020 bd75 | 0000 4883 | 8328 0100 | 0001 488b | fa48 8bd7 | 488b de48 

  0x000075bd410aee5c: ;   {optimized virtual_call}
  0x000075bd410aee5c: 8bf3 90e8 

  0x000075bd410aee60: ; ImmutableOopMap {[168]=Oop [176]=Oop [184]=Oop }
                      ;*invokevirtual checkReceiver {reexecute=0 rethrow=0 return_oop=0}
                      ; - jdk.internal.reflect.DirectMethodHandleAccessor::invoke@9
  0x000075bd410aee60: 3cb4 ffff 

  0x000075bd410aee64: ;   {post_call_nop}
  0x000075bd410aee64: 0f1f 8400 | 5c02 0000 | 488b b424 | a800 0000 

  0x000075bd410aee74: ;   {metadata(method data for {method} {0x000075bd2046a1a8} 'invoke' '(Ljava/lang/Object;[Ljava/lang/Object;)Ljava/lang/Object;' in 'jdk/internal/reflect/DirectMethodHandleAccessor')}
  0x000075bd410aee74: 8b56 0c48 | bf80 33d0 | 20bd 7500 | 0048 8387 | 5801 0000 | 0148 8bf2 | 488b 9424 | b000 0000 
  0x000075bd410aee94: ;   {static_call}
  0x000075bd410aee94: 6666 90e8 

  0x000075bd410aee98: ; ImmutableOopMap {[168]=Oop [176]=Oop [184]=Oop }
                      ;*invokestatic checkArgumentCount {reexecute=0 rethrow=0 return_oop=0}
                      ; - jdk.internal.reflect.DirectMethodHandleAccessor::invoke@17
  0x000075bd410aee98: e48f ffff 

  0x000075bd410aee9c: ;   {post_call_nop}
  0x000075bd410aee9c: 0f1f 8400 | 9402 0001 | 488b b424 | a800 0000 

  0x000075bd410aeeac: ;   {metadata(method data for {method} {0x000075bd2046a1a8} 'invoke' '(Ljava/lang/Object;[Ljava/lang/Object;)Ljava/lang/Object;' in 'jdk/internal/reflect/DirectMethodHandleAccessor')}
  0x000075bd410aeeac: 488b d648 | b980 33d0 | 20bd 7500 | 0048 8381 | 6801 0000 

  0x000075bd410aeec0: ;   {metadata(method data for {method} {0x000075bd2046a480} 'invokeImpl' '(Ljava/lang/Object;[Ljava/lang/Object;)Ljava/lang/Object;' in 'jdk/internal/reflect/DirectMethodHandleAccessor')}
  0x000075bd410aeec0: 0148 ba50 | 3fd0 20bd | 7500 008b | 8a90 0000 | 0083 c102 | 898a 9000 | 0000 81e1 | feff 1f00 
  0x000075bd410aeee0: 85c9 0f84 | 1316 0000 

  0x000075bd410aeee8: ;   {metadata(method data for {method} {0x000075bd2046a480} 'invokeImpl' '(Ljava/lang/Object;[Ljava/lang/Object;)Ljava/lang/Object;' in 'jdk/internal/reflect/DirectMethodHandleAccessor')}
  0x000075bd410aeee8: 8b56 0c48 | b950 3fd0 | 20bd 7500 | 0041 b8e0 | 0000 0085 | d249 8bf8 | 41b8 f000 | 0000 4c0f 
  0x000075bd410aef08: 45c7 83fa | 0149 8bf8 | 41b8 0001 | 0000 4c0f | 45c7 83fa | 0249 8bf8 | 41b8 1001 | 0000 4c0f 
  0x000075bd410aef28: 45c7 83fa | 0349 8bf8 | 41b8 2001 | 0000 4c0f | 45c7 4a8b | 3c01 41ba | 0100 0000 | 4903 fa4a 
  0x000075bd410aef48: 893c 0185 | d20f 847f | 0c00 0083 | fa01 0f84 | 7f0a 0000 | 83fa 020f | 8405 0400 | 0083 fa03 
  0x000075bd410aef68: 0f84 db01 | 0000 488b | 8c24 b000 | 0000 488b | 9424 b800 | 0000 8b7e | 180f 1f80 | 0000 0000 
  0x000075bd410aef88: ;   {other}
  0x000075bd410aef88: e99e 1500 | 0090 9090 | 9090 483b 

  0x000075bd410aef94: ;   {metadata(method data for {method} {0x000075bd2046a480} 'invokeImpl' '(Ljava/lang/Object;[Ljava/lang/Object;)Ljava/lang/Object;' in 'jdk/internal/reflect/DirectMethodHandleAccessor')}
  0x000075bd410aef94: 0748 bb50 | 3fd0 20bd | 7500 0048 | 8d9b 3803 | 0000 4885 | d275 0ef6 | 4308 0175 | 42f0 4883 
  0x000075bd410aefb4: 4b08 01eb | 3a8b 4208 | 4c8b d048 | 3343 0848 | a9fc ffff | ff74 28a8 | 0275 2448 | f743 08fe 
  0x000075bd410aefd4: ffff ff74 | 1649 8bc2 | 4833 4308 | 48a9 fcff | ffff 740b | 4883 4b08 | 02eb 0448 | 8943 0848 
  0x000075bd410aeff4: 85c9 750e | f643 1801 | 7542 f048 | 834b 1801 | eb3a 8b41 | 084c 8bd0 | 4833 4318 | 48a9 fcff 
  0x000075bd410af014: ffff 7428 | a802 7524 | 48f7 4318 | feff ffff | 7416 498b | c248 3343 | 1848 a9fc | ffff ff74 
  0x000075bd410af034: 0b48 834b | 1802 eb04 | 4889 4318 

  0x000075bd410af040: ;   {metadata(method data for {method} {0x000075bd2046a480} 'invokeImpl' '(Ljava/lang/Object;[Ljava/lang/Object;)Ljava/lang/Object;' in 'jdk/internal/reflect/DirectMethodHandleAccessor')}
  0x000075bd410af040: 488b df48 | b850 3fd0 | 20bd 7500 | 008b 5b08 | 483b 9810 | 0300 0075 | 0d48 8380 | 1803 0000 
  0x000075bd410af060: 01e9 6000 | 0000 483b | 9820 0300 | 0075 0d48 | 8380 2803 | 0000 01e9 | 4a00 0000 | 4883 b810 
  0x000075bd410af080: 0300 0000 | 7517 4889 | 9810 0300 | 0048 c780 | 1803 0000 | 0100 0000 | e929 0000 | 0048 83b8 
  0x000075bd410af0a0: 2003 0000 | 0075 1748 | 8998 2003 | 0000 48c7 | 8028 0300 | 0001 0000 | 00e9 0800 | 0000 4883 
  0x000075bd410af0c0: 8008 0300 | 0001 488b | f766 0f1f 

  0x000075bd410af0cc: ;   {optimized virtual_call}
  0x000075bd410af0cc: 4400 00e8 

  0x000075bd410af0d0: ; ImmutableOopMap {[168]=Oop }
                      ;*invokevirtual invokeExact {reexecute=0 rethrow=0 return_oop=0}
                      ; - jdk.internal.reflect.DirectMethodHandleAccessor::invokeImpl@104
                      ; - jdk.internal.reflect.DirectMethodHandleAccessor::invoke@23
  0x000075bd410af0d0: 0c7a 2907 

  0x000075bd410af0d4: ;   {post_call_nop}
  0x000075bd410af0d4: 0f1f 8400 | cc04 0002 

  0x000075bd410af0dc: ;   {metadata(method data for {method} {0x000075bd2046a480} 'invokeImpl' '(Ljava/lang/Object;[Ljava/lang/Object;)Ljava/lang/Object;' in 'jdk/internal/reflect/DirectMethodHandleAccessor')}
  0x000075bd410af0dc: 48ba 503f | d020 bd75 | 0000 488d | 9258 0300 | 0048 85c0 | 750c f602 | 0175 3ff0 | 4883 0a01 
  0x000075bd410af0fc: eb38 8b48 | 084c 8bd1 | 4833 0a48 | f7c1 fcff | ffff 7426 | f6c1 0275 | 2148 f702 | feff ffff 
  0x000075bd410af11c: 7415 498b | ca48 330a | 48f7 c1fc | ffff ff74 | 0948 830a | 02eb 0348 | 890a 4881 | c420 0100 
  0x000075bd410af13c: ;   {poll_return}
  0x000075bd410af13c: 005d 493b | 6728 0f87 | f213 0000 | c348 8b8c | 24b0 0000 | 0048 8b94 | 24b8 0000 | 008b 5e18 
  0x000075bd410af15c: ; implicit exception: dispatches to 0x000075bd410b0550
  0x000075bd410af15c: 8379 0c00 | 0f86 f413 | 0000 448b | 4110 8379 | 0c01 0f86 | f813 0000 | 448b 4914 | 8379 0c02 
  0x000075bd410af17c: 0f86 fc13 | 0000 8b79 | 1866 6690 

  0x000075bd410af188: ;   {oop(a 'java/lang/invoke/MethodType'{0x00000000c0333a98} = (Ljava/lang/Object;Ljava/lang/Object;Ljava/lang/Object;Ljava/lang/Object;)Ljava/lang/Object;)}
  0x000075bd410af188: 48b8 983a | 33c0 0000 | 0000 483b 

  0x000075bd410af194: ;   {metadata(method data for {method} {0x000075bd2046a480} 'invokeImpl' '(Ljava/lang/Object;[Ljava/lang/Object;)Ljava/lang/Object;' in 'jdk/internal/reflect/DirectMethodHandleAccessor')}
  0x000075bd410af194: 0348 b950 | 3fd0 20bd | 7500 0048 | 8d89 c002 | 0000 4885 | d275 0ef6 | 4108 0175 | 47f0 4883 
  0x000075bd410af1b4: 4908 01eb | 3f44 8b5a | 084d 8bd3 | 4c33 5908 | 49f7 c3fc | ffff ff74 | 2b41 f6c3 | 0275 2548 
  0x000075bd410af1d4: f741 08fe | ffff ff74 | 174d 8bda | 4c33 5908 | 49f7 c3fc | ffff ff74 | 0b48 8349 | 0802 eb04 
  0x000075bd410af1f4: 4c89 5908 | 4d85 c075 | 0ef6 4118 | 0175 47f0 | 4883 4918 | 01eb 3f45 | 8b58 084d | 8bd3 4c33 
  0x000075bd410af214: 5918 49f7 | c3fc ffff | ff74 2b41 | f6c3 0275 | 2548 f741 | 18fe ffff | ff74 174d | 8bda 4c33 
  0x000075bd410af234: 5918 49f7 | c3fc ffff | ff74 0b48 | 8349 1802 | eb04 4c89 | 5918 488b 

  0x000075bd410af24c: ;   {metadata(method data for {method} {0x000075bd2046a480} 'invokeImpl' '(Ljava/lang/Object;[Ljava/lang/Object;)Ljava/lang/Object;' in 'jdk/internal/reflect/DirectMethodHandleAccessor')}
  0x000075bd410af24c: cb49 bb50 | 3fd0 20bd | 7500 008b | 4908 493b | 8b98 0200 | 0075 0d49 | 8383 a002 | 0000 01e9 
  0x000075bd410af26c: 6000 0000 | 493b 8ba8 | 0200 0075 | 0d49 8383 | b002 0000 | 01e9 4a00 | 0000 4983 | bb98 0200 
  0x000075bd410af28c: 0000 7517 | 4989 8b98 | 0200 0049 | c783 a002 | 0000 0100 | 0000 e929 | 0000 0049 | 83bb a802 
  0x000075bd410af2ac: 0000 0075 | 1749 898b | a802 0000 | 49c7 83b0 | 0200 0001 | 0000 00e9 | 0800 0000 | 4983 8390 
  0x000075bd410af2cc: 0200 0001 | 498b c84d | 8bc1 4c8b | cf48 8bf8 

  0x000075bd410af2dc: ;   {optimized virtual_call}
  0x000075bd410af2dc: 488b f3e8 

  0x000075bd410af2e0: ; ImmutableOopMap {[168]=Oop }
                      ;*invokevirtual invokeExact {reexecute=0 rethrow=0 return_oop=0}
                      ; - jdk.internal.reflect.DirectMethodHandleAccessor::invokeImpl@92
                      ; - jdk.internal.reflect.DirectMethodHandleAccessor::invoke@23
  0x000075bd410af2e0: 0116 0000 

  0x000075bd410af2e4: ;   {post_call_nop}
  0x000075bd410af2e4: 0f1f 8400 | dc06 0003 

  0x000075bd410af2ec: ;   {metadata(method data for {method} {0x000075bd2046a480} 'invokeImpl' '(Ljava/lang/Object;[Ljava/lang/Object;)Ljava/lang/Object;' in 'jdk/internal/reflect/DirectMethodHandleAccessor')}
  0x000075bd410af2ec: 48be 503f | d020 bd75 | 0000 488d | b6e0 0200 | 0048 85c0 | 750c f606 | 0175 40f0 | 4883 0e01 
  0x000075bd410af30c: eb39 8b78 | 084c 8bd7 | 4833 3e48 | f7c7 fcff | ffff 7427 | 40f6 c702 | 7521 48f7 | 06fe ffff 
  0x000075bd410af32c: ff74 1549 | 8bfa 4833 | 3e48 f7c7 | fcff ffff | 7409 4883 | 0e02 eb03 

  0x000075bd410af344: ;   {metadata(method data for {method} {0x000075bd2046a480} 'invokeImpl' '(Ljava/lang/Object;[Ljava/lang/Object;)Ljava/lang/Object;' in 'jdk/internal/reflect/DirectMethodHandleAccessor')}
  0x000075bd410af344: 4889 3e48 | be50 3fd0 | 20bd 7500 | 00ff 86f0 | 0200 0048 | 81c4 2001 

  0x000075bd410af35c: ;   {poll_return}
  0x000075bd410af35c: 0000 5d49 | 3b67 280f | 8745 1200 | 00c3 488b | 8c24 b000 | 0000 488b | 9424 b800 | 0000 8b7e 
  0x000075bd410af37c: 1848 89bc | 24c8 0000 | 0083 790c | 000f 863f | 1200 008b | 5910 4889 | 9c24 c000 | 0000 8379 
  0x000075bd410af39c: 0c01 0f86 | 3c12 0000 | 8b41 1448 | 8984 24d0 

  0x000075bd410af3ac: ;   {metadata(method data for {method} {0x000075bd2046a480} 'invokeImpl' '(Ljava/lang/Object;[Ljava/lang/Object;)Ljava/lang/Object;' in 'jdk/internal/reflect/DirectMethodHandleAccessor')}
  0x000075bd410af3ac: 0000 0048 | b950 3fd0 | 20bd 7500 | 0048 8d89 | 4802 0000 | 4885 d275 | 0ef6 4108 | 0175 47f0 
  0x000075bd410af3cc: 4883 4908 | 01eb 3f44 | 8b42 084d | 8bd0 4c33 | 4108 49f7 | c0fc ffff | ff74 2b41 | f6c0 0275 
  0x000075bd410af3ec: 2548 f741 | 08fe ffff | ff74 174d | 8bc2 4c33 | 4108 49f7 | c0fc ffff | ff74 0b48 | 8349 0802 
  0x000075bd410af40c: eb04 4c89 

  0x000075bd410af410: ;   {metadata(method data for {method} {0x000075bd20b19ab0} 'invokeExact_MT' '(Ljava/lang/Object;Ljava/lang/Object;Ljava/lang/Object;Ljava/lang/Object;Ljava/lang/Object;)Ljava/lang/Object;' in 'java/lang/invoke/LambdaForm$MH+0x0000000077146c00')}
  0x000075bd410af410: 4108 48b9 | 209d b120 | bd75 0000 | 488d 8970 | 0200 0048 | 85ff 750c | f601 0175 | 41f0 4883 
  0x000075bd410af430: 0901 eb3a | 448b 4708 | 4d8b d04c | 3301 49f7 | c0fc ffff | ff74 2741 | f6c0 0275 | 2148 f701 
  0x000075bd410af450: feff ffff | 7415 4d8b | c24c 3301 | 49f7 c0fc | ffff ff74 | 0948 8309 | 02eb 034c | 8901 4885 
  0x000075bd410af470: d275 0ef6 | 4110 0175 | 47f0 4883 | 4910 01eb | 3f44 8b42 | 084d 8bd0 | 4c33 4110 | 49f7 c0fc 
  0x000075bd410af490: ffff ff74 | 2b41 f6c0 | 0275 2548 | f741 10fe | ffff ff74 | 174d 8bc2 | 4c33 4110 | 49f7 c0fc 
  0x000075bd410af4b0: ffff ff74 | 0b48 8349 | 1002 eb04 | 4c89 4110 

  0x000075bd410af4c0: ;   {metadata(method data for {method} {0x000075bd2046a480} 'invokeImpl' '(Ljava/lang/Object;[Ljava/lang/Object;)Ljava/lang/Object;' in 'jdk/internal/reflect/DirectMethodHandleAccessor')}
  0x000075bd410af4c0: 48b9 503f | d020 bd75 | 0000 4883 | 8118 0200 

  0x000075bd410af4d0: ;   {metadata(method data for {method} {0x000075bd20b19ab0} 'invokeExact_MT' '(Ljava/lang/Object;Ljava/lang/Object;Ljava/lang/Object;Ljava/lang/Object;Ljava/lang/Object;)Ljava/lang/Object;' in 'java/lang/invoke/LambdaForm$MH+0x0000000077146c00')}
  0x000075bd410af4d0: 0001 48b9 | 209d b120 | bd75 0000 | 448b 8190 | 0000 0041 | 83c0 0244 | 8981 9000 | 0000 4181 
  0x000075bd410af4f0: e0fe ff1f | 0045 85c0 | 0f84 f410 

  0x000075bd410af4fc: ;   {metadata(method data for {method} {0x000075bd20b19ab0} 'invokeExact_MT' '(Ljava/lang/Object;Ljava/lang/Object;Ljava/lang/Object;Ljava/lang/Object;Ljava/lang/Object;)Ljava/lang/Object;' in 'java/lang/invoke/LambdaForm$MH+0x0000000077146c00')}
  0x000075bd410af4fc: 0000 48b9 | 209d b120 | bd75 0000 | 488d 8948 | 0100 0048 | 85ff 750e | f641 0801 | 7547 f048 
  0x000075bd410af51c: 8349 0801 | eb3f 448b | 4708 4d8b | d04c 3341 | 0849 f7c0 | fcff ffff | 742b 41f6 | c002 7525 
  0x000075bd410af53c: 48f7 4108 | feff ffff | 7417 4d8b | c24c 3341 | 0849 f7c0 | fcff ffff | 740b 4883 | 4908 02eb 
  0x000075bd410af55c: 044c 8941 

  0x000075bd410af560: ;   {metadata(method data for {method} {0x000075bd20b19ab0} 'invokeExact_MT' '(Ljava/lang/Object;Ljava/lang/Object;Ljava/lang/Object;Ljava/lang/Object;Ljava/lang/Object;)Ljava/lang/Object;' in 'java/lang/invoke/LambdaForm$MH+0x0000000077146c00')}
  0x000075bd410af560: 0848 b920 | 9db1 20bd | 7500 0048 | 8381 3801 

  0x000075bd410af570: ;   {metadata(method data for {method} {0x000075bd2036df20} 'checkExactType' '(Ljava/lang/invoke/MethodHandle;Ljava/lang/invoke/MethodType;)V' in 'java/lang/invoke/Invokers')}
  0x000075bd410af570: 0000 0148 | b958 44bd | 20bd 7500 | 0044 8b81 | 9000 0000 | 4183 c002 | 4489 8190 | 0000 0041 
  0x000075bd410af590: 81e0 feff | 1f00 4585 | c00f 8474 | 1000 0048 | 3b07 488b 

  0x000075bd410af5a4: ;   {metadata(method data for {method} {0x000075bd2036df20} 'checkExactType' '(Ljava/lang/invoke/MethodHandle;Ljava/lang/invoke/MethodType;)V' in 'java/lang/invoke/Invokers')}
  0x000075bd410af5a4: cf49 b858 | 44bd 20bd | 7500 008b | 4908 493b | 88e0 0000 | 0075 0d49 | 8380 e800 | 0000 01e9 
  0x000075bd410af5c4: 6000 0000 | 493b 88f0 | 0000 0075 | 0d49 8380 | f800 0000 | 01e9 4a00 | 0000 4983 | b8e0 0000 
  0x000075bd410af5e4: 0000 7517 | 4989 88e0 | 0000 0049 | c780 e800 | 0000 0100 | 0000 e929 | 0000 0049 | 83b8 f000 
  0x000075bd410af604: 0000 0075 | 1749 8988 | f000 0000 | 49c7 80f8 | 0000 0001 | 0000 00e9 | 0800 0000 | 4983 80d8 
  0x000075bd410af624: 0000 0001 

  0x000075bd410af628: ;   {oop(a 'java/lang/invoke/MethodType'{0x00000000c0333888} = (Ljava/lang/Object;Ljava/lang/Object;Ljava/lang/Object;)Ljava/lang/Object;)}
  0x000075bd410af628: 8b4f 1049 | b888 3833 | c000 0000 | 0049 3bc8 

  0x000075bd410af638: ;   {metadata(method data for {method} {0x000075bd2036df20} 'checkExactType' '(Ljava/lang/invoke/MethodHandle;Ljava/lang/invoke/MethodType;)V' in 'java/lang/invoke/Invokers')}
  0x000075bd410af638: 49b8 5844 | bd20 bd75 | 0000 41b9 | 1801 0000 | 7506 41b9 | 0801 0000 | 4f8b 1c08 | 4d8d 5b01 
  0x000075bd410af658: 4f89 1c08 | 0f85 7509 

  0x000075bd410af660: ;   {metadata(method data for {method} {0x000075bd20b19ab0} 'invokeExact_MT' '(Ljava/lang/Object;Ljava/lang/Object;Ljava/lang/Object;Ljava/lang/Object;Ljava/lang/Object;)Ljava/lang/Object;' in 'java/lang/invoke/LambdaForm$MH+0x0000000077146c00')}
  0x000075bd410af660: 0000 48b9 | 209d b120 | bd75 0000 | 488d 8980 | 0100 0044 | 8b47 084d | 8bd0 4c33 | 4108 49f7 
  0x000075bd410af680: c0fc ffff | ff74 2b41 | f6c0 0275 | 2548 f741 | 08fe ffff | ff74 174d | 8bc2 4c33 | 4108 49f7 
  0x000075bd410af6a0: c0fc ffff | ff74 0b48 | 8349 0802 | eb04 4c89 

  0x000075bd410af6b0: ;   {metadata(method data for {method} {0x000075bd20b19ab0} 'invokeExact_MT' '(Ljava/lang/Object;Ljava/lang/Object;Ljava/lang/Object;Ljava/lang/Object;Ljava/lang/Object;)Ljava/lang/Object;' in 'java/lang/invoke/LambdaForm$MH+0x0000000077146c00')}
  0x000075bd410af6b0: 4108 48b9 | 209d b120 | bd75 0000 | 4883 8170 | 0100 0001 

  0x000075bd410af6c4: ;   {metadata(method data for {method} {0x000075bd2036e568} 'checkCustomized' '(Ljava/lang/invoke/MethodHandle;)V' in 'java/lang/invoke/Invokers')}
  0x000075bd410af6c4: 48b9 f041 | bd20 bd75 | 0000 448b | 8190 0000 | 0041 83c0 | 0244 8981 | 9000 0000 | 4181 e0fe 
  0x000075bd410af6e4: ff1f 0045 | 85c0 0f84 | 490f 0000 

  0x000075bd410af6f0: ;   {metadata(method data for {method} {0x000075bd2036e568} 'checkCustomized' '(Ljava/lang/invoke/MethodHandle;)V' in 'java/lang/invoke/Invokers')}
  0x000075bd410af6f0: 48b9 f041 | bd20 bd75 | 0000 4883 | 81d8 0000 

  0x000075bd410af700: ;   {metadata(method data for {method} {0x000075bd2008fb80} 'isCompileConstant' '(Ljava/lang/Object;)Z' in 'java/lang/invoke/MethodHandleImpl')}
  0x000075bd410af700: 0001 48b9 | 6843 bd20 | bd75 0000 | 448b 8190 | 0000 0041 | 83c0 0244 | 8981 9000 | 0000 4181 
  0x000075bd410af720: e0fe ff1f | 0045 85c0 | 0f84 2c0f 

  0x000075bd410af72c: ;   {metadata(method data for {method} {0x000075bd2036e568} 'checkCustomized' '(Ljava/lang/invoke/MethodHandle;)V' in 'java/lang/invoke/Invokers')}
  0x000075bd410af72c: 0000 48b9 | f041 bd20 | bd75 0000 | ff81 e800 | 0000 8b4f | 148b 491c 

  0x000075bd410af744: ;   {metadata(method data for {method} {0x000075bd2036e568} 'checkCustomized' '(Ljava/lang/invoke/MethodHandle;)V' in 'java/lang/invoke/Invokers')}
  0x000075bd410af744: 4885 c948 | b9f0 41bd | 20bd 7500 | 0041 b808 | 0100 0075 | 0641 b818 | 0100 004e | 8b0c 014d 
  0x000075bd410af764: 8d49 014e | 890c 010f | 8523 0000 

  0x000075bd410af770: ;   {metadata(method data for {method} {0x000075bd2036e568} 'checkCustomized' '(Ljava/lang/invoke/MethodHandle;)V' in 'java/lang/invoke/Invokers')}
  0x000075bd410af770: 0048 b9f0 | 41bd 20bd | 7500 0048 | 8381 2801 | 0000 0148 

  0x000075bd410af784: ;   {static_call}
  0x000075bd410af784: 8bf7 90e8 

  0x000075bd410af788: ; ImmutableOopMap {[168]=Oop [184]=Oop [192]=Oop [200]=Oop [208]=Oop }
                      ;*invokestatic maybeCustomize {reexecute=0 rethrow=0 return_oop=0}
                      ; - java.lang.invoke.Invokers::checkCustomized@19
                      ; - java.lang.invoke.LambdaForm$MH/0x0000000077146c00::invokeExact_MT@15
                      ; - jdk.internal.reflect.DirectMethodHandleAccessor::invokeImpl@72
                      ; - jdk.internal.reflect.DirectMethodHandleAccessor::invoke@23
  0x000075bd410af788: f469 ffff 

  0x000075bd410af78c: ;   {post_call_nop}
  0x000075bd410af78c: 0f1f 8400 | 840b 0004 | 488b 9c24 | c000 0000 | 488b 9424 | b800 0000 

  0x000075bd410af7a4: ;   {metadata(method data for {method} {0x000075bd20b19ab0} 'invokeExact_MT' '(Ljava/lang/Object;Ljava/lang/Object;Ljava/lang/Object;Ljava/lang/Object;Ljava/lang/Object;)Ljava/lang/Object;' in 'java/lang/invoke/LambdaForm$MH+0x0000000077146c00')}
  0x000075bd410af7a4: 48b9 209d | b120 bd75 | 0000 488d | 89c8 0100 | 0048 85d2 | 750e f641 | 0801 7547 | f048 8349 
  0x000075bd410af7c4: 0801 eb3f | 448b 4208 | 4d8b d04c | 3341 0849 | f7c0 fcff | ffff 742b | 41f6 c002 | 7525 48f7 
  0x000075bd410af7e4: 4108 feff | ffff 7417 | 4d8b c24c | 3341 0849 | f7c0 fcff | ffff 740b | 4883 4908 | 02eb 044c 
  0x000075bd410af804: 8941 0848 | 85db 750e | f641 1801 | 7547 f048 | 8349 1801 | eb3f 448b | 4308 4d8b | d04c 3341 
  0x000075bd410af824: 1849 f7c0 | fcff ffff | 742b 41f6 | c002 7525 | 48f7 4118 | feff ffff | 7417 4d8b | c24c 3341 
  0x000075bd410af844: 1849 f7c0 | fcff ffff | 740b 4883 | 4918 02eb | 044c 8941 | 1848 8bbc | 24c8 0000 

  0x000075bd410af860: ;   {metadata(method data for {method} {0x000075bd20b19ab0} 'invokeExact_MT' '(Ljava/lang/Object;Ljava/lang/Object;Ljava/lang/Object;Ljava/lang/Object;Ljava/lang/Object;)Ljava/lang/Object;' in 'java/lang/invoke/LambdaForm$MH+0x0000000077146c00')}
  0x000075bd410af860: 0048 b920 | 9db1 20bd | 7500 008b | 7f08 483b | b9a0 0100 | 0075 0d48 | 8381 a801 | 0000 01e9 
  0x000075bd410af880: 6000 0000 | 483b b9b0 | 0100 0075 | 0d48 8381 | b801 0000 | 01e9 4a00 | 0000 4883 | b9a0 0100 
  0x000075bd410af8a0: 0000 7517 | 4889 b9a0 | 0100 0048 | c781 a801 | 0000 0100 | 0000 e929 | 0000 0048 | 83b9 b001 
  0x000075bd410af8c0: 0000 0075 | 1748 89b9 | b001 0000 | 48c7 81b8 | 0100 0001 | 0000 00e9 | 0800 0000 | 4883 8198 
  0x000075bd410af8e0: 0100 0001 | 488b cb4c | 8b84 24d0 | 0000 0048 | 8bb4 24c8 

  0x000075bd410af8f4: ;   {optimized virtual_call}
  0x000075bd410af8f4: 0000 00e8 

  0x000075bd410af8f8: ; ImmutableOopMap {[168]=Oop }
                      ;*invokevirtual invokeBasic {reexecute=0 rethrow=0 return_oop=0}
                      ; - java.lang.invoke.LambdaForm$MH/0x0000000077146c00::invokeExact_MT@22
                      ; - jdk.internal.reflect.DirectMethodHandleAccessor::invokeImpl@72
                      ; - jdk.internal.reflect.DirectMethodHandleAccessor::invoke@23
  0x000075bd410af8f8: 84e0 9907 

  0x000075bd410af8fc: ;   {post_call_nop}
  0x000075bd410af8fc: 0f1f 8400 | f40c 0005 

  0x000075bd410af904: ;   {metadata(method data for {method} {0x000075bd20b19ab0} 'invokeExact_MT' '(Ljava/lang/Object;Ljava/lang/Object;Ljava/lang/Object;Ljava/lang/Object;Ljava/lang/Object;)Ljava/lang/Object;' in 'java/lang/invoke/LambdaForm$MH+0x0000000077146c00')}
  0x000075bd410af904: 48ba 209d | b120 bd75 | 0000 488d | 92e8 0100 | 0048 85c0 | 750c f602 | 0175 3ff0 | 4883 0a01 
  0x000075bd410af924: eb38 8b48 | 084c 8bd1 | 4833 0a48 | f7c1 fcff | ffff 7426 | f6c1 0275 | 2148 f702 | feff ffff 
  0x000075bd410af944: 7415 498b | ca48 330a | 48f7 c1fc | ffff ff74 | 0948 830a | 02eb 0348 

  0x000075bd410af95c: ;   {metadata(method data for {method} {0x000075bd2046a480} 'invokeImpl' '(Ljava/lang/Object;[Ljava/lang/Object;)Ljava/lang/Object;' in 'jdk/internal/reflect/DirectMethodHandleAccessor')}
  0x000075bd410af95c: 890a 48ba | 503f d020 | bd75 0000 | 488d 9268 | 0200 0048 | 85c0 750c | f602 0175 | 3ff0 4883 
  0x000075bd410af97c: 0a01 eb38 | 8b48 084c | 8bd1 4833 | 0a48 f7c1 | fcff ffff | 7426 f6c1 | 0275 2148 | f702 feff 
  0x000075bd410af99c: ffff 7415 | 498b ca48 | 330a 48f7 | c1fc ffff | ff74 0948 | 830a 02eb | 0348 890a 

  0x000075bd410af9b8: ;   {metadata(method data for {method} {0x000075bd2046a480} 'invokeImpl' '(Ljava/lang/Object;[Ljava/lang/Object;)Ljava/lang/Object;' in 'jdk/internal/reflect/DirectMethodHandleAccessor')}
  0x000075bd410af9b8: 48ba 503f | d020 bd75 | 0000 ff82 | 7802 0000 | 4881 c420 | 0100 005d 

  0x000075bd410af9d0: ;   {poll_return}
  0x000075bd410af9d0: 493b 6728 | 0f87 a60c | 0000 c348 | 8b8c 24b0 | 0000 0048 | 8b94 24b8 | 0000 008b | 7e18 8379 
  0x000075bd410af9f0: 0c00 0f86 | a80c 0000 | 8b49 100f | 1f44 0000 

  0x000075bd410afa00: ;   {oop(a 'java/lang/invoke/MethodType'{0x00000000c03335a8} = (Ljava/lang/Object;Ljava/lang/Object;)Ljava/lang/Object;)}
  0x000075bd410afa00: 49b8 a835 | 33c0 0000 | 0000 483b 

  0x000075bd410afa0c: ;   {metadata(method data for {method} {0x000075bd2046a480} 'invokeImpl' '(Ljava/lang/Object;[Ljava/lang/Object;)Ljava/lang/Object;' in 'jdk/internal/reflect/DirectMethodHandleAccessor')}
  0x000075bd410afa0c: 0748 bb50 | 3fd0 20bd | 7500 0048 | 8d9b d001 | 0000 4885 | d275 0ef6 | 4308 0175 | 42f0 4883 
  0x000075bd410afa2c: 4b08 01eb | 3a8b 4208 | 4c8b d048 | 3343 0848 | a9fc ffff | ff74 28a8 | 0275 2448 | f743 08fe 
  0x000075bd410afa4c: ffff ff74 | 1649 8bc2 | 4833 4308 | 48a9 fcff | ffff 740b | 4883 4b08 | 02eb 0448 | 8943 0848 
  0x000075bd410afa6c: 85c9 750e | f643 1801 | 7542 f048 | 834b 1801 | eb3a 8b41 | 084c 8bd0 | 4833 4318 | 48a9 fcff 
  0x000075bd410afa8c: ffff 7428 | a802 7524 | 48f7 4318 | feff ffff | 7416 498b | c248 3343 | 1848 a9fc | ffff ff74 
  0x000075bd410afaac: 0b48 834b | 1802 eb04 | 4889 4318 

  0x000075bd410afab8: ;   {metadata(method data for {method} {0x000075bd2046a480} 'invokeImpl' '(Ljava/lang/Object;[Ljava/lang/Object;)Ljava/lang/Object;' in 'jdk/internal/reflect/DirectMethodHandleAccessor')}
  0x000075bd410afab8: 488b df48 | b850 3fd0 | 20bd 7500 | 008b 5b08 | 483b 98a8 | 0100 0075 | 0d48 8380 | b001 0000 
  0x000075bd410afad8: 01e9 6000 | 0000 483b | 98b8 0100 | 0075 0d48 | 8380 c001 | 0000 01e9 | 4a00 0000 | 4883 b8a8 
  0x000075bd410afaf8: 0100 0000 | 7517 4889 | 98a8 0100 | 0048 c780 | b001 0000 | 0100 0000 | e929 0000 | 0048 83b8 
  0x000075bd410afb18: b801 0000 | 0075 1748 | 8998 b801 | 0000 48c7 | 80c0 0100 | 0001 0000 | 00e9 0800 | 0000 4883 
  0x000075bd410afb38: 80a0 0100 | 0001 488b | f766 0f1f 

  0x000075bd410afb44: ;   {optimized virtual_call}
  0x000075bd410afb44: 4400 00e8 

  0x000075bd410afb48: ; ImmutableOopMap {[168]=Oop }
                      ;*invokevirtual invokeExact {reexecute=0 rethrow=0 return_oop=0}
                      ; - jdk.internal.reflect.DirectMethodHandleAccessor::invokeImpl@55
                      ; - jdk.internal.reflect.DirectMethodHandleAccessor::invoke@23
  0x000075bd410afb48: a90d 0000 

  0x000075bd410afb4c: ;   {post_call_nop}
  0x000075bd410afb4c: 0f1f 8400 | 440f 0006 

  0x000075bd410afb54: ;   {metadata(method data for {method} {0x000075bd2046a480} 'invokeImpl' '(Ljava/lang/Object;[Ljava/lang/Object;)Ljava/lang/Object;' in 'jdk/internal/reflect/DirectMethodHandleAccessor')}
  0x000075bd410afb54: 48be 503f | d020 bd75 | 0000 488d | b6f0 0100 | 0048 85c0 | 750c f606 | 0175 40f0 | 4883 0e01 
  0x000075bd410afb74: eb39 8b78 | 084c 8bd7 | 4833 3e48 | f7c7 fcff | ffff 7427 | 40f6 c702 | 7521 48f7 | 06fe ffff 
  0x000075bd410afb94: ff74 1549 | 8bfa 4833 | 3e48 f7c7 | fcff ffff | 7409 4883 | 0e02 eb03 

  0x000075bd410afbac: ;   {metadata(method data for {method} {0x000075bd2046a480} 'invokeImpl' '(Ljava/lang/Object;[Ljava/lang/Object;)Ljava/lang/Object;' in 'jdk/internal/reflect/DirectMethodHandleAccessor')}
  0x000075bd410afbac: 4889 3e48 | be50 3fd0 | 20bd 7500 | 00ff 8600 | 0200 0048 | 81c4 2001 

  0x000075bd410afbc4: ;   {poll_return}
  0x000075bd410afbc4: 0000 5d49 | 3b67 280f | 87ff 0a00 | 00c3 488b | 9424 b800 | 0000 8b7e | 1848 89bc | 24d8 0000 
  0x000075bd410afbe4: ;   {metadata(method data for {method} {0x000075bd2046a480} 'invokeImpl' '(Ljava/lang/Object;[Ljava/lang/Object;)Ljava/lang/Object;' in 'jdk/internal/reflect/DirectMethodHandleAccessor')}
  0x000075bd410afbe4: 0048 bb50 | 3fd0 20bd | 7500 0048 | 8d9b 6801 | 0000 4885 | d275 0ef6 | 4308 0175 | 23f0 4883 
  0x000075bd410afc04: 4b08 01eb | 1b8b 4208 | 4c8b d048 | 3343 0848 | a9fc ffff | ff74 09a8 | 0275 0548 | 834b 0802 
  0x000075bd410afc24: ;   {metadata(method data for {method} {0x000075bd203c57a8} 'invokeExact_MT' '(Ljava/lang/Object;Ljava/lang/Object;Ljava/lang/Object;)Ljava/lang/Object;' in 'java/lang/invoke/Invokers$Holder')}
  0x000075bd410afc24: 48bb 78cf | bd20 bd75 | 0000 488d | 9b50 0200 | 0048 85ff | 750a f603 | 0175 05f0 | 4883 0b01 
  0x000075bd410afc44: ;   {metadata(method data for {method} {0x000075bd2046a480} 'invokeImpl' '(Ljava/lang/Object;[Ljava/lang/Object;)Ljava/lang/Object;' in 'jdk/internal/reflect/DirectMethodHandleAccessor')}
  0x000075bd410afc44: 48bb 503f | d020 bd75 | 0000 4883 | 8338 0100 

  0x000075bd410afc54: ;   {metadata(method data for {method} {0x000075bd203c57a8} 'invokeExact_MT' '(Ljava/lang/Object;Ljava/lang/Object;Ljava/lang/Object;)Ljava/lang/Object;' in 'java/lang/invoke/Invokers$Holder')}
  0x000075bd410afc54: 0001 48bb | 78cf bd20 | bd75 0000 | 8b83 9000 | 0000 83c0 | 0289 8390 | 0000 0025 | feff 1f00 
  0x000075bd410afc74: 85c0 0f84 | 6a0a 0000 

  0x000075bd410afc7c: ;   {metadata(method data for {method} {0x000075bd203c57a8} 'invokeExact_MT' '(Ljava/lang/Object;Ljava/lang/Object;Ljava/lang/Object;)Ljava/lang/Object;' in 'java/lang/invoke/Invokers$Holder')}
  0x000075bd410afc7c: 48bb 78cf | bd20 bd75 | 0000 488d | 9b48 0100 | 0048 85ff | 750c f643 | 0801 7506 | f048 834b 
  0x000075bd410afc9c: ;   {metadata(method data for {method} {0x000075bd203c57a8} 'invokeExact_MT' '(Ljava/lang/Object;Ljava/lang/Object;Ljava/lang/Object;)Ljava/lang/Object;' in 'java/lang/invoke/Invokers$Holder')}
  0x000075bd410afc9c: 0801 48bb | 78cf bd20 | bd75 0000 | 4883 8338 | 0100 0001 

  0x000075bd410afcb0: ;   {metadata(method data for {method} {0x000075bd2036df20} 'checkExactType' '(Ljava/lang/invoke/MethodHandle;Ljava/lang/invoke/MethodType;)V' in 'java/lang/invoke/Invokers')}
  0x000075bd410afcb0: 48bb 5844 | bd20 bd75 | 0000 8b83 | 9000 0000 | 83c0 0289 | 8390 0000 | 0025 feff | 1f00 85c0 
  0x000075bd410afcd0: 0f84 310a | 0000 483b | 0748 8bdf 

  0x000075bd410afcdc: ;   {metadata(method data for {method} {0x000075bd2036df20} 'checkExactType' '(Ljava/lang/invoke/MethodHandle;Ljava/lang/invoke/MethodType;)V' in 'java/lang/invoke/Invokers')}
  0x000075bd410afcdc: 48b8 5844 | bd20 bd75 | 0000 8b5b | 0848 3b98 | e000 0000 | 750d 4883 | 80e8 0000 | 0001 e960 
  0x000075bd410afcfc: 0000 0048 | 3b98 f000 | 0000 750d | 4883 80f8 | 0000 0001 | e94a 0000 | 0048 83b8 | e000 0000 
  0x000075bd410afd1c: 0075 1748 | 8998 e000 | 0000 48c7 | 80e8 0000 | 0001 0000 | 00e9 2900 | 0000 4883 | b8f0 0000 
  0x000075bd410afd3c: 0000 7517 | 4889 98f0 | 0000 0048 | c780 f800 | 0000 0100 | 0000 e908 | 0000 0048 | 8380 d800 
  0x000075bd410afd5c: 0000 018b 

  0x000075bd410afd60: ;   {oop(a 'java/lang/invoke/MethodType'{0x00000000c030de40} = (Ljava/lang/Object;)Ljava/lang/Object;)}
  0x000075bd410afd60: 5f10 48b8 | 40de 30c0 | 0000 0000 

  0x000075bd410afd6c: ;   {metadata(method data for {method} {0x000075bd2036df20} 'checkExactType' '(Ljava/lang/invoke/MethodHandle;Ljava/lang/invoke/MethodType;)V' in 'java/lang/invoke/Invokers')}
  0x000075bd410afd6c: 483b d848 | b858 44bd | 20bd 7500 | 00b9 1801 | 0000 7505 | b908 0100 | 004c 8b04 | 084d 8d40 
  0x000075bd410afd8c: 014c 8904 | 080f 85fd 

  0x000075bd410afd94: ;   {metadata(method data for {method} {0x000075bd203c57a8} 'invokeExact_MT' '(Ljava/lang/Object;Ljava/lang/Object;Ljava/lang/Object;)Ljava/lang/Object;' in 'java/lang/invoke/Invokers$Holder')}
  0x000075bd410afd94: 0100 0048 | bb78 cfbd | 20bd 7500 | 0048 8383 | 7001 0000 

  0x000075bd410afda8: ;   {metadata(method data for {method} {0x000075bd2036e568} 'checkCustomized' '(Ljava/lang/invoke/MethodHandle;)V' in 'java/lang/invoke/Invokers')}
  0x000075bd410afda8: 0148 bbf0 | 41bd 20bd | 7500 008b | 8390 0000 | 0083 c002 | 8983 9000 | 0000 25fe | ff1f 0085 
  0x000075bd410afdc8: c00f 845e 

  0x000075bd410afdcc: ;   {metadata(method data for {method} {0x000075bd2036e568} 'checkCustomized' '(Ljava/lang/invoke/MethodHandle;)V' in 'java/lang/invoke/Invokers')}
  0x000075bd410afdcc: 0900 0048 | bbf0 41bd | 20bd 7500 | 0048 8383 | d800 0000 

  0x000075bd410afde0: ;   {metadata(method data for {method} {0x000075bd2008fb80} 'isCompileConstant' '(Ljava/lang/Object;)Z' in 'java/lang/invoke/MethodHandleImpl')}
  0x000075bd410afde0: 0148 bb68 | 43bd 20bd | 7500 008b | 8390 0000 | 0083 c002 | 8983 9000 | 0000 25fe | ff1f 0085 
  0x000075bd410afe00: c00f 8447 

  0x000075bd410afe04: ;   {metadata(method data for {method} {0x000075bd2036e568} 'checkCustomized' '(Ljava/lang/invoke/MethodHandle;)V' in 'java/lang/invoke/Invokers')}
  0x000075bd410afe04: 0900 0048 | bbf0 41bd | 20bd 7500 | 00ff 83e8 | 0000 008b | 5f14 8b5b | 1c48 85db 

  0x000075bd410afe20: ;   {metadata(method data for {method} {0x000075bd2036e568} 'checkCustomized' '(Ljava/lang/invoke/MethodHandle;)V' in 'java/lang/invoke/Invokers')}
  0x000075bd410afe20: 48bb f041 | bd20 bd75 | 0000 b808 | 0100 0075 | 05b8 1801 | 0000 488b | 0c03 488d | 4901 4889 
  0x000075bd410afe40: 0c03 0f85 | 2400 0000 

  0x000075bd410afe48: ;   {metadata(method data for {method} {0x000075bd2036e568} 'checkCustomized' '(Ljava/lang/invoke/MethodHandle;)V' in 'java/lang/invoke/Invokers')}
  0x000075bd410afe48: 48bb f041 | bd20 bd75 | 0000 4883 | 8328 0100 | 0001 488b 

  0x000075bd410afe5c: ;   {static_call}
  0x000075bd410afe5c: f766 90e8 

  0x000075bd410afe60: ; ImmutableOopMap {[168]=Oop [184]=Oop [216]=Oop }
                      ;*invokestatic maybeCustomize {reexecute=0 rethrow=0 return_oop=0}
                      ; - java.lang.invoke.Invokers::checkCustomized@19
                      ; - java.lang.invoke.Invokers$Holder::invokeExact_MT@14
                      ; - jdk.internal.reflect.DirectMethodHandleAccessor::invokeImpl@41
                      ; - jdk.internal.reflect.DirectMethodHandleAccessor::invoke@23
  0x000075bd410afe60: 1c63 ffff 

  0x000075bd410afe64: ;   {post_call_nop}
  0x000075bd410afe64: 0f1f 8400 | 5c12 0007 | 488b bc24 | d800 0000 

  0x000075bd410afe74: ;   {metadata(method data for {method} {0x000075bd203c57a8} 'invokeExact_MT' '(Ljava/lang/Object;Ljava/lang/Object;Ljava/lang/Object;)Ljava/lang/Object;' in 'java/lang/invoke/Invokers$Holder')}
  0x000075bd410afe74: 48ba 78cf | bd20 bd75 | 0000 8b7f | 0848 3bba | a001 0000 | 750d 4883 | 82a8 0100 | 0001 e960 
  0x000075bd410afe94: 0000 0048 | 3bba b001 | 0000 750d | 4883 82b8 | 0100 0001 | e94a 0000 | 0048 83ba | a001 0000 
  0x000075bd410afeb4: 0075 1748 | 89ba a001 | 0000 48c7 | 82a8 0100 | 0001 0000 | 00e9 2900 | 0000 4883 | bab0 0100 
  0x000075bd410afed4: 0000 7517 | 4889 bab0 | 0100 0048 | c782 b801 | 0000 0100 | 0000 e908 | 0000 0048 | 8382 9801 
  0x000075bd410afef4: 0000 0148 | 8b94 24b8 | 0000 0048 | 8bb4 24d8 

  0x000075bd410aff04: ;   {optimized virtual_call}
  0x000075bd410aff04: 0000 00e8 

  0x000075bd410aff08: ; ImmutableOopMap {[168]=Oop }
                      ;*invokevirtual invokeBasic {reexecute=0 rethrow=0 return_oop=0}
                      ; - java.lang.invoke.Invokers$Holder::invokeExact_MT@19
                      ; - jdk.internal.reflect.DirectMethodHandleAccessor::invokeImpl@41
                      ; - jdk.internal.reflect.DirectMethodHandleAccessor::invoke@23
  0x000075bd410aff08: 74be 9807 

  0x000075bd410aff0c: ;   {post_call_nop}
  0x000075bd410aff0c: 0f1f 8400 | 0413 0008 

  0x000075bd410aff14: ;   {metadata(method data for {method} {0x000075bd203c57a8} 'invokeExact_MT' '(Ljava/lang/Object;Ljava/lang/Object;Ljava/lang/Object;)Ljava/lang/Object;' in 'java/lang/invoke/Invokers$Holder')}
  0x000075bd410aff14: 48be 78cf | bd20 bd75 | 0000 488d | b6d8 0100 | 0048 85c0 | 750a f606 | 0175 05f0 | 4883 0e01 
  0x000075bd410aff34: ;   {metadata(method data for {method} {0x000075bd2046a480} 'invokeImpl' '(Ljava/lang/Object;[Ljava/lang/Object;)Ljava/lang/Object;' in 'jdk/internal/reflect/DirectMethodHandleAccessor')}
  0x000075bd410aff34: 48be 503f | d020 bd75 | 0000 488d | b678 0100 | 0048 85c0 | 750c f606 | 0175 22f0 | 4883 0e01 
  0x000075bd410aff54: eb1b 8b50 | 084c 8bd2 | 4833 1648 | f7c2 fcff | ffff 7409 | f6c2 0275 | 0448 830e 

  0x000075bd410aff70: ;   {metadata(method data for {method} {0x000075bd2046a480} 'invokeImpl' '(Ljava/lang/Object;[Ljava/lang/Object;)Ljava/lang/Object;' in 'jdk/internal/reflect/DirectMethodHandleAccessor')}
  0x000075bd410aff70: 0248 be50 | 3fd0 20bd | 7500 00ff | 8688 0100 | 0048 81c4 | 2001 0000 

  0x000075bd410aff88: ;   {poll_return}
  0x000075bd410aff88: 5d49 3b67 | 280f 87e1 | 0700 00c3 

  0x000075bd410aff94: ;   {metadata(method data for {method} {0x000075bd2036df20} 'checkExactType' '(Ljava/lang/invoke/MethodHandle;Ljava/lang/invoke/MethodType;)V' in 'java/lang/invoke/Invokers')}
  0x000075bd410aff94: 48be 5844 | bd20 bd75 | 0000 4883 | 8628 0100 

  0x000075bd410affa4: ;   {oop(a 'java/lang/invoke/MethodType'{0x00000000c030de40} = (Ljava/lang/Object;)Ljava/lang/Object;)}
  0x000075bd410affa4: 0001 48ba | 40de 30c0 | 0000 0000 | 488b f30f 

  0x000075bd410affb4: ;   {static_call}
  0x000075bd410affb4: 1f40 00e8 

  0x000075bd410affb8: ; ImmutableOopMap {[168]=Oop [184]=Oop [216]=Oop }
                      ;*invokestatic newWrongMethodTypeException {reexecute=0 rethrow=0 return_oop=0}
                      ; - java.lang.invoke.Invokers::checkExactType@12
                      ; - java.lang.invoke.Invokers$Holder::invokeExact_MT@10
                      ; - jdk.internal.reflect.DirectMethodHandleAccessor::invokeImpl@41
                      ; - jdk.internal.reflect.DirectMethodHandleAccessor::invoke@23
  0x000075bd410affb8: 2475 2907 

  0x000075bd410affbc: ;   {post_call_nop}
  0x000075bd410affbc: 0f1f 8400 | b413 0009 

  0x000075bd410affc4: ; implicit exception: dispatches to 0x000075bd410b078a
                      ; ImmutableOopMap {rax=Oop [168]=Oop [184]=Oop [216]=Oop }
                      ;*athrow {reexecute=1 rethrow=0 return_oop=0}
                      ; - (reexecute) java.lang.invoke.Invokers::checkExactType@15
                      ; - java.lang.invoke.Invokers$Holder::invokeExact_MT@10
                      ; - jdk.internal.reflect.DirectMethodHandleAccessor::invokeImpl@41
                      ; - jdk.internal.reflect.DirectMethodHandleAccessor::invoke@23
                      ;   {section_word}
  0x000075bd410affc4: 483b 0048 | bac7 ff0a | 41bd 7500 

  0x000075bd410affd0: ;   {runtime_call C1 Runtime handle_exception_nofpu_blob}
  0x000075bd410affd0: 00e8 0afa 

  0x000075bd410affd4: ;   {metadata(method data for {method} {0x000075bd2036df20} 'checkExactType' '(Ljava/lang/invoke/MethodHandle;Ljava/lang/invoke/MethodType;)V' in 'java/lang/invoke/Invokers')}
  0x000075bd410affd4: 3607 9048 | be58 44bd | 20bd 7500 | 0048 8386 | 2801 0000 

  0x000075bd410affe8: ;   {oop(a 'java/lang/invoke/MethodType'{0x00000000c0333888} = (Ljava/lang/Object;Ljava/lang/Object;Ljava/lang/Object;)Ljava/lang/Object;)}
  0x000075bd410affe8: 0149 b888 | 3833 c000 | 0000 0048 | 8bf1 498b | d066 0f1f 

  0x000075bd410afffc: ;   {static_call}
  0x000075bd410afffc: 4400 00e8 

  0x000075bd410b0000: ; ImmutableOopMap {[168]=Oop [184]=Oop [192]=Oop [200]=Oop [208]=Oop }
                      ;*invokestatic newWrongMethodTypeException {reexecute=0 rethrow=0 return_oop=0}
                      ; - java.lang.invoke.Invokers::checkExactType@12
                      ; - java.lang.invoke.LambdaForm$MH/0x0000000077146c00::invokeExact_MT@11
                      ; - jdk.internal.reflect.DirectMethodHandleAccessor::invokeImpl@72
                      ; - jdk.internal.reflect.DirectMethodHandleAccessor::invoke@23
  0x000075bd410b0000: dc74 2907 

  0x000075bd410b0004: ;   {post_call_nop}
  0x000075bd410b0004: 0f1f 8400 | fc13 000b 

  0x000075bd410b000c: ; implicit exception: dispatches to 0x000075bd410b078f
                      ; ImmutableOopMap {rax=Oop [168]=Oop [184]=Oop [192]=Oop [200]=Oop [208]=Oop }
                      ;*athrow {reexecute=1 rethrow=0 return_oop=0}
                      ; - (reexecute) java.lang.invoke.Invokers::checkExactType@15
                      ; - java.lang.invoke.LambdaForm$MH/0x0000000077146c00::invokeExact_MT@11
                      ; - jdk.internal.reflect.DirectMethodHandleAccessor::invokeImpl@72
                      ; - jdk.internal.reflect.DirectMethodHandleAccessor::invoke@23
                      ;   {section_word}
  0x000075bd410b000c: 483b 0048 | ba0f 000b | 41bd 7500 

  0x000075bd410b0018: ;   {runtime_call C1 Runtime handle_exception_nofpu_blob}
  0x000075bd410b0018: 00e8 c2f9 | 3607 9049 | 8b87 e005 | 0000 4d33 | d24d 8997 | e005 0000 | 4d33 d24d | 8997 e805 
  0x000075bd410b0038: 0000 488b | b424 a800 

  0x000075bd410b0040: ;   {metadata(method data for {method} {0x000075bd2046a1a8} 'invoke' '(Ljava/lang/Object;[Ljava/lang/Object;)Ljava/lang/Object;' in 'jdk/internal/reflect/DirectMethodHandleAccessor')}
  0x000075bd410b0040: 0000 48ba | 8033 d020 | bd75 0000 | 4883 8208 | 0200 0001 

  0x000075bd410b0054: ;   {metadata(method data for {method} {0x000075bd2046a818} 'isIllegalArgument' '(Ljava/lang/RuntimeException;)Z' in 'jdk/internal/reflect/DirectMethodHandleAccessor')}
  0x000075bd410b0054: 48be a048 | d020 bd75 | 0000 8b96 | 9000 0000 | 83c2 0289 | 9690 0000 | 0081 e2fe | ff1f 0085 
  0x000075bd410b0074: d20f 8419 

  0x000075bd410b0078: ;   {oop(a 'java/lang/Class'{0x00000000c05d8e30} = 'jdk/internal/reflect/DirectMethodHandleAccessor')}
  0x000075bd410b0078: 0700 0048 | be30 8e5d | c000 0000 | 0048 8bd0 | 4889 8424 | e000 0000 | 0f1f 8000 

  0x000075bd410b0094: ;   {static_call}
  0x000075bd410b0094: 0000 00e8 

  0x000075bd410b0098: ; ImmutableOopMap {[224]=Oop }
                      ;*invokestatic isIllegalArgument {reexecute=0 rethrow=0 return_oop=0}
                      ; - jdk.internal.reflect.DirectMethodHandleAccessor::isIllegalArgument@3
                      ; - jdk.internal.reflect.DirectMethodHandleAccessor::invoke@58
  0x000075bd410b0098: 4474 2907 

  0x000075bd410b009c: ;   {post_call_nop}
  0x000075bd410b009c: 0f1f 8400 | 9414 000d | 83e0 0185 

  0x000075bd410b00a8: ;   {metadata(method data for {method} {0x000075bd2046a1a8} 'invoke' '(Ljava/lang/Object;[Ljava/lang/Object;)Ljava/lang/Object;' in 'jdk/internal/reflect/DirectMethodHandleAccessor')}
  0x000075bd410b00a8: c048 b880 | 33d0 20bd | 7500 00be | 3802 0000 | 7405 be48 | 0200 0048 | 8b14 3048 | 8d52 0148 
  0x000075bd410b00c8: 8914 300f | 8488 0200 | 00e9 eb01 | 0000 488b | b424 a800 | 0000 498b | 87e0 0500 | 004d 33d2 
  0x000075bd410b00e8: 4d89 97e0 | 0500 004d | 33d2 4d89 | 97e8 0500 

  0x000075bd410b00f8: ;   {metadata(method data for {method} {0x000075bd2046a1a8} 'invoke' '(Ljava/lang/Object;[Ljava/lang/Object;)Ljava/lang/Object;' in 'jdk/internal/reflect/DirectMethodHandleAccessor')}
  0x000075bd410b00f8: 0048 ba80 | 33d0 20bd | 7500 0048 | 8382 9801 

  0x000075bd410b0108: ;   {metadata(method data for {method} {0x000075bd2046a818} 'isIllegalArgument' '(Ljava/lang/RuntimeException;)Z' in 'jdk/internal/reflect/DirectMethodHandleAccessor')}
  0x000075bd410b0108: 0000 0148 | bea0 48d0 | 20bd 7500 | 008b 9690 | 0000 0083 | c202 8996 | 9000 0000 | 81e2 feff 
  0x000075bd410b0128: 1f00 85d2 | 0f84 8306 

  0x000075bd410b0130: ;   {oop(a 'java/lang/Class'{0x00000000c05d8e30} = 'jdk/internal/reflect/DirectMethodHandleAccessor')}
  0x000075bd410b0130: 0000 48be | 308e 5dc0 | 0000 0000 | 488b d048 | 8984 24e8 

  0x000075bd410b0144: ;   {static_call}
  0x000075bd410b0144: 0000 00e8 

  0x000075bd410b0148: ; ImmutableOopMap {[232]=Oop }
                      ;*invokestatic isIllegalArgument {reexecute=0 rethrow=0 return_oop=0}
                      ; - jdk.internal.reflect.DirectMethodHandleAccessor::isIllegalArgument@3
                      ; - jdk.internal.reflect.DirectMethodHandleAccessor::invoke@30
  0x000075bd410b0148: 9473 2907 

  0x000075bd410b014c: ;   {post_call_nop}
  0x000075bd410b014c: 0f1f 8400 | 4415 000e | 83e0 0185 

  0x000075bd410b0158: ;   {metadata(method data for {method} {0x000075bd2046a1a8} 'invoke' '(Ljava/lang/Object;[Ljava/lang/Object;)Ljava/lang/Object;' in 'jdk/internal/reflect/DirectMethodHandleAccessor')}
  0x000075bd410b0158: c048 ba80 | 33d0 20bd | 7500 00be | c801 0000 | 7405 bed8 | 0100 0048 | 8b3c 3248 | 8d7f 0148 
  0x000075bd410b0178: 893c 320f | 8498 0000 | 000f 1f80 | 0000 0000 

  0x000075bd410b0188: ;   {other}
  0x000075bd410b0188: e958 0600 | 0000 0000 | 0000 498b | 87c8 0100 | 0048 8d78 | 2849 3bbf | d801 0000 | 0f87 4506 
  0x000075bd410b01a8: 0000 4989 | bfc8 0100 | 0048 c700 | 0100 0000 | 488b ca89 | 4808 4833 | c989 480c | 4833 c948 
  0x000075bd410b01c8: 8948 1048 | 8948 1848 | 8948 2048 

  0x000075bd410b01d4: ;   {metadata(method data for {method} {0x000075bd2046a1a8} 'invoke' '(Ljava/lang/Object;[Ljava/lang/Object;)Ljava/lang/Object;' in 'jdk/internal/reflect/DirectMethodHandleAccessor')}
  0x000075bd410b01d4: 8bd0 48be | 8033 d020 | bd75 0000 | 4883 86e8 | 0100 0001 

  0x000075bd410b01e8: ;   {oop("argument type mismatch"{0x00000000c08410f0})}
  0x000075bd410b01e8: 48ba f010 | 84c0 0000 | 0000 488b | f048 8984 | 24f0 0000 

  0x000075bd410b01fc: ;   {optimized virtual_call}
  0x000075bd410b01fc: 0066 90e8 

  0x000075bd410b0200: ; ImmutableOopMap {[240]=Oop }
                      ;*invokespecial <init> {reexecute=0 rethrow=0 return_oop=0}
                      ; - jdk.internal.reflect.DirectMethodHandleAccessor::invoke@42
  0x000075bd410b0200: dc68 2907 

  0x000075bd410b0204: ;   {post_call_nop}
  0x000075bd410b0204: 0f1f 8400 | fc15 000f | 488b 8424 | f000 0000 | e9a7 0600 | 0048 8b9c | 24e8 0000 | 000f 1f80 
  0x000075bd410b0224: 0000 0000 

  0x000075bd410b0228: ;   {other}
  0x000075bd410b0228: e9de 0500 | 0000 0000 | 0000 80ba | 3001 0000 | 040f 85db | 0500 0049 | 8b87 c801 | 0000 488d 
  0x000075bd410b0248: 7828 493b | bfd8 0100 | 000f 87c3 | 0500 0049 | 89bf c801 | 0000 48c7 | 0001 0000 | 0048 8bca 
  0x000075bd410b0268: 8948 0848 | 33c9 8948 | 0c48 33c9 | 4889 4810 | 4889 4818 | 4889 4820 

  0x000075bd410b0280: ;   {metadata(method data for {method} {0x000075bd2046a1a8} 'invoke' '(Ljava/lang/Object;[Ljava/lang/Object;)Ljava/lang/Object;' in 'jdk/internal/reflect/DirectMethodHandleAccessor')}
  0x000075bd410b0280: 488b d048 | be80 33d0 | 20bd 7500 | 0048 8386 | f801 0000 | 0148 8bd3 | 488b f048 | 8984 24f8 
  0x000075bd410b02a0: 0000 000f 

  0x000075bd410b02a4: ;   {optimized virtual_call}
  0x000075bd410b02a4: 1f40 00e8 

  0x000075bd410b02a8: ; ImmutableOopMap {[248]=Oop }
                      ;*invokespecial <init> {reexecute=0 rethrow=0 return_oop=0}
                      ; - jdk.internal.reflect.DirectMethodHandleAccessor::invoke@51
  0x000075bd410b02a8: 3468 2907 

  0x000075bd410b02ac: ;   {post_call_nop}
  0x000075bd410b02ac: 0f1f 8400 | a416 0010 | 488b 8424 | f800 0000 | e9ff 0500 | 000f 1f80 | 0000 0000 

  0x000075bd410b02c8: ;   {other}
  0x000075bd410b02c8: e969 0500 | 0000 0000 | 0000 498b | 87c8 0100 | 0048 8d78 | 2849 3bbf | d801 0000 | 0f87 5605 
  0x000075bd410b02e8: 0000 4989 | bfc8 0100 | 0048 c700 | 0100 0000 | 488b ca89 | 4808 4833 | c989 480c | 4833 c948 
  0x000075bd410b0308: 8948 1048 | 8948 1848 | 8948 2048 

  0x000075bd410b0314: ;   {metadata(method data for {method} {0x000075bd2046a1a8} 'invoke' '(Ljava/lang/Object;[Ljava/lang/Object;)Ljava/lang/Object;' in 'jdk/internal/reflect/DirectMethodHandleAccessor')}
  0x000075bd410b0314: 8bd0 48be | 8033 d020 | bd75 0000 | 4883 8658 | 0200 0001 | 488b 9424 | e000 0000 | 488b f048 
  0x000075bd410b0334: 8984 2400 | 0100 000f 

  0x000075bd410b033c: ;   {optimized virtual_call}
  0x000075bd410b033c: 1f40 00e8 

  0x000075bd410b0340: ; ImmutableOopMap {[256]=Oop }
                      ;*invokespecial <init> {reexecute=0 rethrow=0 return_oop=0}
                      ; - jdk.internal.reflect.DirectMethodHandleAccessor::invoke@69
  0x000075bd410b0340: 9c67 2907 

  0x000075bd410b0344: ;   {post_call_nop}
  0x000075bd410b0344: 0f1f 8400 | 3c17 0011 | 488b 8424 | 0001 0000 | e967 0500 | 0048 8b9c | 24e0 0000 | 000f 1f80 
  0x000075bd410b0364: 0000 0000 

  0x000075bd410b0368: ;   {other}
  0x000075bd410b0368: e9ef 0400 | 0000 0000 | 0000 80ba | 3001 0000 | 040f 85ec | 0400 0049 | 8b87 c801 | 0000 488d 
  0x000075bd410b0388: 7828 493b | bfd8 0100 | 000f 87d4 | 0400 0049 | 89bf c801 | 0000 48c7 | 0001 0000 | 0048 8bca 
  0x000075bd410b03a8: 8948 0848 | 33c9 8948 | 0c48 33c9 | 4889 4810 | 4889 4818 | 4889 4820 

  0x000075bd410b03c0: ;   {metadata(method data for {method} {0x000075bd2046a1a8} 'invoke' '(Ljava/lang/Object;[Ljava/lang/Object;)Ljava/lang/Object;' in 'jdk/internal/reflect/DirectMethodHandleAccessor')}
  0x000075bd410b03c0: 488b d048 | be80 33d0 | 20bd 7500 | 0048 8386 | 6802 0000 | 0148 8bd3 | 488b f048 | 8984 2408 
  0x000075bd410b03e0: 0100 000f 

  0x000075bd410b03e4: ;   {optimized virtual_call}
  0x000075bd410b03e4: 1f40 00e8 

  0x000075bd410b03e8: ; ImmutableOopMap {[264]=Oop }
                      ;*invokespecial <init> {reexecute=0 rethrow=0 return_oop=0}
                      ; - jdk.internal.reflect.DirectMethodHandleAccessor::invoke@78
  0x000075bd410b03e8: f466 2907 

  0x000075bd410b03ec: ;   {post_call_nop}
  0x000075bd410b03ec: 0f1f 8400 | e417 0012 | 488b 8424 | 0801 0000 | e9bf 0400 | 0049 8b87 | e005 0000 | 4d33 d24d 
  0x000075bd410b040c: 8997 e005 | 0000 4d33 | d24d 8997 | e805 0000 | 488b d890 

  0x000075bd410b0420: ;   {metadata('java/lang/reflect/InvocationTargetException')}
  0x000075bd410b0420: 48ba a054 | 0d77 0000 | 0000 80ba | 3001 0000 | 040f 855f | 0400 0049 | 8b87 c801 | 0000 488d 
  0x000075bd410b0440: 7828 493b | bfd8 0100 | 000f 8747 | 0400 0049 | 89bf c801 | 0000 48c7 | 0001 0000 | 0048 8bca 
  0x000075bd410b0460: 8948 0848 | 33c9 8948 | 0c48 33c9 | 4889 4810 | 4889 4818 | 4889 4820 

  0x000075bd410b0478: ;   {metadata(method data for {method} {0x000075bd2046a1a8} 'invoke' '(Ljava/lang/Object;[Ljava/lang/Object;)Ljava/lang/Object;' in 'jdk/internal/reflect/DirectMethodHandleAccessor')}
  0x000075bd410b0478: 488b d048 | be80 33d0 | 20bd 7500 | 0048 8386 | 7802 0000 | 0148 8bd3 | 488b f048 | 8984 2410 
  0x000075bd410b0498: 0100 000f 

  0x000075bd410b049c: ;   {optimized virtual_call}
  0x000075bd410b049c: 1f40 00e8 

  0x000075bd410b04a0: ; ImmutableOopMap {[272]=Oop }
                      ;*invokespecial <init> {reexecute=0 rethrow=0 return_oop=0}
                      ; - jdk.internal.reflect.DirectMethodHandleAccessor::invoke@88
  0x000075bd410b04a0: a104 0000 

  0x000075bd410b04a4: ;   {post_call_nop}
  0x000075bd410b04a4: 0f1f 8400 | 9c18 0013 | 488b 8424 | 1001 0000 | e907 0400 

  0x000075bd410b04b8: ;   {metadata({method} {0x000075bd2046a1a8} 'invoke' '(Ljava/lang/Object;[Ljava/lang/Object;)Ljava/lang/Object;' in 'jdk/internal/reflect/DirectMethodHandleAccessor')}
  0x000075bd410b04b8: 0049 baa8 | a146 20bd | 7500 004c | 8954 2408 | 48c7 0424 | ffff ffff 

  0x000075bd410b04d0: ;   {runtime_call C1 Runtime counter_overflow_blob}
  0x000075bd410b04d0: e80b 3937 

  0x000075bd410b04d4: ; ImmutableOopMap {rsi=Oop rdx=Oop rcx=Oop [168]=Oop [184]=Oop }
                      ;*synchronization entry
                      ; - jdk.internal.reflect.DirectMethodHandleAccessor::invoke@-1
  0x000075bd410b04d4: 07e9 9ce8 

  0x000075bd410b04d8: ;   {metadata({method} {0x000075bd2046a6b8} 'isStatic' '()Z' in 'jdk/internal/reflect/DirectMethodHandleAccessor')}
  0x000075bd410b04d8: ffff 49ba | b8a6 4620 | bd75 0000 | 4c89 5424 | 0848 c704 | 24ff ffff 

  0x000075bd410b04f0: ;   {runtime_call C1 Runtime counter_overflow_blob}
  0x000075bd410b04f0: ffe8 ea38 

  0x000075bd410b04f4: ; ImmutableOopMap {rsi=Oop rdx=Oop rcx=Oop [168]=Oop [184]=Oop }
                      ;*synchronization entry
                      ; - jdk.internal.reflect.DirectMethodHandleAccessor::isStatic@-1
                      ; - jdk.internal.reflect.DirectMethodHandleAccessor::invoke@1
  0x000075bd410b04f4: 3707 e9b7 

  0x000075bd410b04f8: ;   {metadata({method} {0x000075bd2046a480} 'invokeImpl' '(Ljava/lang/Object;[Ljava/lang/Object;)Ljava/lang/Object;' in 'jdk/internal/reflect/DirectMethodHandleAccessor')}
  0x000075bd410b04f8: e8ff ff49 | ba80 a446 | 20bd 7500 | 004c 8954 | 2408 48c7 | 0424 ffff 

  0x000075bd410b0510: ;   {runtime_call C1 Runtime counter_overflow_blob}
  0x000075bd410b0510: ffff e8c9 

  0x000075bd410b0514: ; ImmutableOopMap {rsi=Oop [168]=Oop [176]=Oop [184]=Oop }
                      ;*synchronization entry
                      ; - jdk.internal.reflect.DirectMethodHandleAccessor::invokeImpl@-1
                      ; - jdk.internal.reflect.DirectMethodHandleAccessor::invoke@23
  0x000075bd410b0514: 3837 07e9 | cce9 ffff | 49b8 0000 | 0000 0000 | 0000 b800 

  0x000075bd410b0528: ;   {runtime_call C1 Runtime load_appendix_patching_blob}
  0x000075bd410b0528: 0f05 0ae8 

  0x000075bd410b052c: ; ImmutableOopMap {rsi=Oop rdx=Oop rcx=Oop rdi=Oop [168]=Oop [184]=Oop }
                      ;*invokevirtual invokeExact {reexecute=1 rethrow=0 return_oop=0}
                      ; - (reexecute) jdk.internal.reflect.DirectMethodHandleAccessor::invokeImpl@104
                      ; - jdk.internal.reflect.DirectMethodHandleAccessor::invoke@23
  0x000075bd410b052c: b02f 3707 | e953 eaff 

  0x000075bd410b0534: ;   {runtime_call C1 Runtime throw_null_pointer_exception_blob}
  0x000075bd410b0534: ffe8 26d9 

  0x000075bd410b0538: ; ImmutableOopMap {rsi=Oop rdx=Oop rcx=Oop rdi=Oop r8=Oop [168]=Oop [184]=Oop }
                      ;*invokevirtual invokeExact {reexecute=0 rethrow=0 return_oop=0}
                      ; - jdk.internal.reflect.DirectMethodHandleAccessor::invokeImpl@104
                      ; - jdk.internal.reflect.DirectMethodHandleAccessor::invoke@23
                      ;   {internal_word}
  0x000075bd410b0538: 3607 49ba | 3ef1 0a41 | bd75 0000 | 4d89 9738 

  0x000075bd410b0548: ;   {runtime_call SafepointBlob}
  0x000075bd410b0548: 0500 00e9 | 1096 2907 

  0x000075bd410b0550: ;   {runtime_call C1 Runtime throw_null_pointer_exception_blob}
  0x000075bd410b0550: e80b d936 

  0x000075bd410b0554: ; ImmutableOopMap {rsi=Oop rdx=Oop rcx=Oop rbx=Oop [168]=Oop [184]=Oop }
                      ;*aaload {reexecute=0 rethrow=0 return_oop=0}
                      ; - jdk.internal.reflect.DirectMethodHandleAccessor::invokeImpl@85
                      ; - jdk.internal.reflect.DirectMethodHandleAccessor::invoke@23
                      ;   {runtime_call C1 Runtime throw_null_pointer_exception_blob}
  0x000075bd410b0554: 07e8 06d9 

  0x000075bd410b0558: ; ImmutableOopMap {rsi=Oop rdx=Oop rcx=Oop rbx=Oop [168]=Oop [184]=Oop }
                      ;*aaload {reexecute=0 rethrow=0 return_oop=0}
                      ; - jdk.internal.reflect.DirectMethodHandleAccessor::invokeImpl@85
                      ; - jdk.internal.reflect.DirectMethodHandleAccessor::invoke@23
  0x000075bd410b0558: 3607 48c7 | 0424 0000 | 0000 4889 

  0x000075bd410b0564: ;   {runtime_call C1 Runtime throw_range_check_failed_blob}
  0x000075bd410b0564: 4c24 08e8 

  0x000075bd410b0568: ; ImmutableOopMap {rsi=Oop rdx=Oop rcx=Oop rbx=Oop [168]=Oop [184]=Oop }
                      ;*aaload {reexecute=0 rethrow=0 return_oop=0}
                      ; - jdk.internal.reflect.DirectMethodHandleAccessor::invokeImpl@85
                      ; - jdk.internal.reflect.DirectMethodHandleAccessor::invoke@23
  0x000075bd410b0568: f4cf 3607 | 48c7 0424 | 0100 0000 | 4889 4c24 

  0x000075bd410b0578: ;   {runtime_call C1 Runtime throw_range_check_failed_blob}
  0x000075bd410b0578: 08e8 e2cf 

  0x000075bd410b057c: ; ImmutableOopMap {rsi=Oop rdx=Oop rcx=Oop rbx=Oop r8=Oop [168]=Oop [184]=Oop }
                      ;*aaload {reexecute=0 rethrow=0 return_oop=0}
                      ; - jdk.internal.reflect.DirectMethodHandleAccessor::invokeImpl@88
                      ; - jdk.internal.reflect.DirectMethodHandleAccessor::invoke@23
  0x000075bd410b057c: 3607 48c7 | 0424 0200 | 0000 4889 

  0x000075bd410b0588: ;   {runtime_call C1 Runtime throw_range_check_failed_blob}
  0x000075bd410b0588: 4c24 08e8 

  0x000075bd410b058c: ; ImmutableOopMap {rsi=Oop rdx=Oop rcx=Oop rbx=Oop r8=Oop r9=Oop [168]=Oop [184]=Oop }
                      ;*aaload {reexecute=0 rethrow=0 return_oop=0}
                      ; - jdk.internal.reflect.DirectMethodHandleAccessor::invokeImpl@91
                      ; - jdk.internal.reflect.DirectMethodHandleAccessor::invoke@23
  0x000075bd410b058c: d0cf 3607 | 48b8 983a | 33c0 0000 | 0000 b800 

  0x000075bd410b059c: ;   {runtime_call C1 Runtime load_appendix_patching_blob}
  0x000075bd410b059c: 0f05 0ae8 

  0x000075bd410b05a0: ; ImmutableOopMap {rsi=Oop rdx=Oop rbx=Oop r8=Oop r9=Oop rdi=Oop [168]=Oop [184]=Oop }
                      ;*invokevirtual invokeExact {reexecute=1 rethrow=0 return_oop=0}
                      ; - (reexecute) jdk.internal.reflect.DirectMethodHandleAccessor::invokeImpl@92
                      ; - jdk.internal.reflect.DirectMethodHandleAccessor::invoke@23
  0x000075bd410b05a0: 3c2f 3707 | e9df ebff 

  0x000075bd410b05a8: ;   {runtime_call C1 Runtime throw_null_pointer_exception_blob}
  0x000075bd410b05a8: ffe8 b2d8 

  0x000075bd410b05ac: ; ImmutableOopMap {rsi=Oop rdx=Oop rbx=Oop r8=Oop r9=Oop rdi=Oop rax=Oop [168]=Oop [184]=Oop }
                      ;*invokevirtual invokeExact {reexecute=0 rethrow=0 return_oop=0}
                      ; - jdk.internal.reflect.DirectMethodHandleAccessor::invokeImpl@92
                      ; - jdk.internal.reflect.DirectMethodHandleAccessor::invoke@23
                      ;   {internal_word}
  0x000075bd410b05ac: 3607 49ba | 5ff3 0a41 | bd75 0000 | 4d89 9738 

  0x000075bd410b05bc: ;   {runtime_call SafepointBlob}
  0x000075bd410b05bc: 0500 00e9 | 9c95 2907 

  0x000075bd410b05c4: ;   {runtime_call C1 Runtime throw_null_pointer_exception_blob}
  0x000075bd410b05c4: e897 d836 

  0x000075bd410b05c8: ; ImmutableOopMap {rsi=Oop rcx=Oop rdx=Oop rdi=Oop [168]=Oop [184]=Oop [200]=Oop }
                      ;*aaload {reexecute=0 rethrow=0 return_oop=0}
                      ; - jdk.internal.reflect.DirectMethodHandleAccessor::invokeImpl@68
                      ; - jdk.internal.reflect.DirectMethodHandleAccessor::invoke@23
                      ;   {runtime_call C1 Runtime throw_null_pointer_exception_blob}
  0x000075bd410b05c8: 07e8 92d8 

  0x000075bd410b05cc: ; ImmutableOopMap {rsi=Oop rcx=Oop rdx=Oop rdi=Oop [168]=Oop [184]=Oop [200]=Oop }
                      ;*aaload {reexecute=0 rethrow=0 return_oop=0}
                      ; - jdk.internal.reflect.DirectMethodHandleAccessor::invokeImpl@68
                      ; - jdk.internal.reflect.DirectMethodHandleAccessor::invoke@23
  0x000075bd410b05cc: 3607 48c7 | 0424 0000 | 0000 4889 

  0x000075bd410b05d8: ;   {runtime_call C1 Runtime throw_range_check_failed_blob}
  0x000075bd410b05d8: 4c24 08e8 

  0x000075bd410b05dc: ; ImmutableOopMap {rsi=Oop rcx=Oop rdx=Oop rdi=Oop [168]=Oop [184]=Oop [200]=Oop }
                      ;*aaload {reexecute=0 rethrow=0 return_oop=0}
                      ; - jdk.internal.reflect.DirectMethodHandleAccessor::invokeImpl@68
                      ; - jdk.internal.reflect.DirectMethodHandleAccessor::invoke@23
  0x000075bd410b05dc: 80cf 3607 | 48c7 0424 | 0100 0000 | 4889 4c24 

  0x000075bd410b05ec: ;   {runtime_call C1 Runtime throw_range_check_failed_blob}
  0x000075bd410b05ec: 08e8 6ecf 

  0x000075bd410b05f0: ; ImmutableOopMap {rsi=Oop rcx=Oop rdx=Oop rdi=Oop rbx=Oop [168]=Oop [184]=Oop [192]=Oop [200]=Oop }
                      ;*aaload {reexecute=0 rethrow=0 return_oop=0}
                      ; - jdk.internal.reflect.DirectMethodHandleAccessor::invokeImpl@71
                      ; - jdk.internal.reflect.DirectMethodHandleAccessor::invoke@23
                      ;   {metadata({method} {0x000075bd20b19ab0} 'invokeExact_MT' '(Ljava/lang/Object;Ljava/lang/Object;Ljava/lang/Object;Ljava/lang/Object;Ljava/lang/Object;)Ljava/lang/Object;' in 'java/lang/invoke/LambdaForm$MH+0x0000000077146c00')}
  0x000075bd410b05f0: 3607 49ba | b09a b120 | bd75 0000 | 4c89 5424 | 0848 c704 | 24ff ffff 

  0x000075bd410b0608: ;   {runtime_call C1 Runtime counter_overflow_blob}
  0x000075bd410b0608: ffe8 d237 

  0x000075bd410b060c: ; ImmutableOopMap {rsi=Oop rdx=Oop rdi=Oop rbx=Oop rax=Oop [168]=Oop [184]=Oop [192]=Oop [200]=Oop [208]=Oop }
                      ;*synchronization entry
                      ; - java.lang.invoke.LambdaForm$MH/0x0000000077146c00::invokeExact_MT@-1
                      ; - jdk.internal.reflect.DirectMethodHandleAccessor::invokeImpl@72
                      ; - jdk.internal.reflect.DirectMethodHandleAccessor::invoke@23
  0x000075bd410b060c: 3707 e9eb 

  0x000075bd410b0610: ;   {metadata({method} {0x000075bd2036df20} 'checkExactType' '(Ljava/lang/invoke/MethodHandle;Ljava/lang/invoke/MethodType;)V' in 'java/lang/invoke/Invokers')}
  0x000075bd410b0610: eeff ff49 | ba20 df36 | 20bd 7500 | 004c 8954 | 2408 48c7 | 0424 ffff 

  0x000075bd410b0628: ;   {runtime_call C1 Runtime counter_overflow_blob}
  0x000075bd410b0628: ffff e8b1 

  0x000075bd410b062c: ; ImmutableOopMap {rsi=Oop rdx=Oop rdi=Oop rbx=Oop rax=Oop [168]=Oop [184]=Oop [192]=Oop [200]=Oop [208]=Oop }
                      ;*synchronization entry
                      ; - java.lang.invoke.Invokers::checkExactType@-1
                      ; - java.lang.invoke.LambdaForm$MH/0x0000000077146c00::invokeExact_MT@11
                      ; - jdk.internal.reflect.DirectMethodHandleAccessor::invokeImpl@72
                      ; - jdk.internal.reflect.DirectMethodHandleAccessor::invoke@23
  0x000075bd410b062c: 3737 07e9 | 6bef ffff 

  0x000075bd410b0634: ;   {runtime_call C1 Runtime throw_null_pointer_exception_blob}
  0x000075bd410b0634: e827 d836 

  0x000075bd410b0638: ; ImmutableOopMap {rsi=Oop rdx=Oop rdi=Oop rbx=Oop rax=Oop [168]=Oop [184]=Oop [192]=Oop [200]=Oop [208]=Oop }
                      ;*invokevirtual type {reexecute=0 rethrow=0 return_oop=0}
                      ; - java.lang.invoke.Invokers::checkExactType@1
                      ; - java.lang.invoke.LambdaForm$MH/0x0000000077146c00::invokeExact_MT@11
                      ; - jdk.internal.reflect.DirectMethodHandleAccessor::invokeImpl@72
                      ; - jdk.internal.reflect.DirectMethodHandleAccessor::invoke@23
                      ;   {metadata({method} {0x000075bd2036e568} 'checkCustomized' '(Ljava/lang/invoke/MethodHandle;)V' in 'java/lang/invoke/Invokers')}
  0x000075bd410b0638: 0749 ba68 | e536 20bd | 7500 004c | 8954 2408 | 48c7 0424 | ffff ffff 

  0x000075bd410b0650: ;   {runtime_call C1 Runtime counter_overflow_blob}
  0x000075bd410b0650: e88b 3737 

  0x000075bd410b0654: ; ImmutableOopMap {rsi=Oop rdx=Oop rdi=Oop rbx=Oop rax=Oop [168]=Oop [184]=Oop [192]=Oop [200]=Oop [208]=Oop }
                      ;*synchronization entry
                      ; - java.lang.invoke.Invokers::checkCustomized@-1
                      ; - java.lang.invoke.LambdaForm$MH/0x0000000077146c00::invokeExact_MT@15
                      ; - jdk.internal.reflect.DirectMethodHandleAccessor::invokeImpl@72
                      ; - jdk.internal.reflect.DirectMethodHandleAccessor::invoke@23
  0x000075bd410b0654: 07e9 96f0 

  0x000075bd410b0658: ;   {metadata({method} {0x000075bd2008fb80} 'isCompileConstant' '(Ljava/lang/Object;)Z' in 'java/lang/invoke/MethodHandleImpl')}
  0x000075bd410b0658: ffff 49ba | 80fb 0820 | bd75 0000 | 4c89 5424 | 0848 c704 | 24ff ffff 

  0x000075bd410b0670: ;   {runtime_call C1 Runtime counter_overflow_blob}
  0x000075bd410b0670: ffe8 6a37 

  0x000075bd410b0674: ; ImmutableOopMap {rsi=Oop rdx=Oop rdi=Oop rbx=Oop rax=Oop [168]=Oop [184]=Oop [192]=Oop [200]=Oop [208]=Oop }
                      ;*synchronization entry
                      ; - java.lang.invoke.MethodHandleImpl::isCompileConstant@-1
                      ; - java.lang.invoke.Invokers::checkCustomized@1
                      ; - java.lang.invoke.LambdaForm$MH/0x0000000077146c00::invokeExact_MT@15
                      ; - jdk.internal.reflect.DirectMethodHandleAccessor::invokeImpl@72
                      ; - jdk.internal.reflect.DirectMethodHandleAccessor::invoke@23
  0x000075bd410b0674: 3707 e9b3 

  0x000075bd410b0678: ;   {runtime_call C1 Runtime throw_null_pointer_exception_blob}
  0x000075bd410b0678: f0ff ffe8 

  0x000075bd410b067c: ; ImmutableOopMap {rsi=Oop rdx=Oop rdi=Oop rbx=Oop rax=Oop [168]=Oop [184]=Oop [192]=Oop [200]=Oop [208]=Oop }
                      ;*getfield customized {reexecute=1 rethrow=0 return_oop=0}
                      ; - (reexecute) java.lang.invoke.Invokers::checkCustomized@12
                      ; - java.lang.invoke.LambdaForm$MH/0x0000000077146c00::invokeExact_MT@15
                      ; - jdk.internal.reflect.DirectMethodHandleAccessor::invokeImpl@72
                      ; - jdk.internal.reflect.DirectMethodHandleAccessor::invoke@23
  0x000075bd410b067c: e0d7 3607 

  0x000075bd410b0680: ;   {internal_word}
  0x000075bd410b0680: 49ba d0f9 | 0a41 bd75 | 0000 4d89 | 9738 0500 

  0x000075bd410b0690: ;   {runtime_call SafepointBlob}
  0x000075bd410b0690: 00e9 ca94 

  0x000075bd410b0694: ;   {runtime_call C1 Runtime throw_null_pointer_exception_blob}
  0x000075bd410b0694: 2907 e8c5 

  0x000075bd410b0698: ; ImmutableOopMap {rsi=Oop rcx=Oop rdx=Oop rdi=Oop [168]=Oop [184]=Oop }
                      ;*aaload {reexecute=0 rethrow=0 return_oop=0}
                      ; - jdk.internal.reflect.DirectMethodHandleAccessor::invokeImpl@54
                      ; - jdk.internal.reflect.DirectMethodHandleAccessor::invoke@23
                      ;   {runtime_call C1 Runtime throw_null_pointer_exception_blob}
  0x000075bd410b0698: d736 07e8 

  0x000075bd410b069c: ; ImmutableOopMap {rsi=Oop rcx=Oop rdx=Oop rdi=Oop [168]=Oop [184]=Oop }
                      ;*aaload {reexecute=0 rethrow=0 return_oop=0}
                      ; - jdk.internal.reflect.DirectMethodHandleAccessor::invokeImpl@54
                      ; - jdk.internal.reflect.DirectMethodHandleAccessor::invoke@23
  0x000075bd410b069c: c0d7 3607 | 48c7 0424 | 0000 0000 | 4889 4c24 

  0x000075bd410b06ac: ;   {runtime_call C1 Runtime throw_range_check_failed_blob}
  0x000075bd410b06ac: 08e8 aece 

  0x000075bd410b06b0: ; ImmutableOopMap {rsi=Oop rcx=Oop rdx=Oop rdi=Oop [168]=Oop [184]=Oop }
                      ;*aaload {reexecute=0 rethrow=0 return_oop=0}
                      ; - jdk.internal.reflect.DirectMethodHandleAccessor::invokeImpl@54
                      ; - jdk.internal.reflect.DirectMethodHandleAccessor::invoke@23
  0x000075bd410b06b0: 3607 49b8 | 68cc f5c3 | 0000 0000 | b800 0f05 

  0x000075bd410b06c0: ;   {runtime_call C1 Runtime load_appendix_patching_blob}
  0x000075bd410b06c0: 0ae8 1a2e 

  0x000075bd410b06c4: ; ImmutableOopMap {rsi=Oop rdx=Oop rdi=Oop rcx=Oop [168]=Oop [184]=Oop }
                      ;*invokevirtual invokeExact {reexecute=1 rethrow=0 return_oop=0}
                      ; - (reexecute) jdk.internal.reflect.DirectMethodHandleAccessor::invokeImpl@55
                      ; - jdk.internal.reflect.DirectMethodHandleAccessor::invoke@23
  0x000075bd410b06c4: 3707 e935 

  0x000075bd410b06c8: ;   {runtime_call C1 Runtime throw_null_pointer_exception_blob}
  0x000075bd410b06c8: f3ff ffe8 

  0x000075bd410b06cc: ; ImmutableOopMap {rsi=Oop rdx=Oop rdi=Oop rcx=Oop r8=Oop [168]=Oop [184]=Oop }
                      ;*invokevirtual invokeExact {reexecute=0 rethrow=0 return_oop=0}
                      ; - jdk.internal.reflect.DirectMethodHandleAccessor::invokeImpl@55
                      ; - jdk.internal.reflect.DirectMethodHandleAccessor::invoke@23
  0x000075bd410b06cc: 90d7 3607 

  0x000075bd410b06d0: ;   {internal_word}
  0x000075bd410b06d0: 49ba c7fb | 0a41 bd75 | 0000 4d89 | 9738 0500 

  0x000075bd410b06e0: ;   {runtime_call SafepointBlob}
  0x000075bd410b06e0: 00e9 7a94 

  0x000075bd410b06e4: ;   {metadata({method} {0x000075bd203c57a8} 'invokeExact_MT' '(Ljava/lang/Object;Ljava/lang/Object;Ljava/lang/Object;)Ljava/lang/Object;' in 'java/lang/invoke/Invokers$Holder')}
  0x000075bd410b06e4: 2907 49ba | a857 3c20 | bd75 0000 | 4c89 5424 | 0848 c704 | 24ff ffff 

  0x000075bd410b06fc: ;   {runtime_call C1 Runtime counter_overflow_blob}
  0x000075bd410b06fc: ffe8 de36 

  0x000075bd410b0700: ; ImmutableOopMap {rsi=Oop rdx=Oop rdi=Oop [168]=Oop [184]=Oop [216]=Oop }
                      ;*synchronization entry
                      ; - java.lang.invoke.Invokers$Holder::invokeExact_MT@-1
                      ; - jdk.internal.reflect.DirectMethodHandleAccessor::invokeImpl@41
                      ; - jdk.internal.reflect.DirectMethodHandleAccessor::invoke@23
  0x000075bd410b0700: 3707 e975 

  0x000075bd410b0704: ;   {metadata({method} {0x000075bd2036df20} 'checkExactType' '(Ljava/lang/invoke/MethodHandle;Ljava/lang/invoke/MethodType;)V' in 'java/lang/invoke/Invokers')}
  0x000075bd410b0704: f5ff ff49 | ba20 df36 | 20bd 7500 | 004c 8954 | 2408 48c7 | 0424 ffff 

  0x000075bd410b071c: ;   {runtime_call C1 Runtime counter_overflow_blob}
  0x000075bd410b071c: ffff e8bd 

  0x000075bd410b0720: ; ImmutableOopMap {rsi=Oop rdx=Oop rdi=Oop [168]=Oop [184]=Oop [216]=Oop }
                      ;*synchronization entry
                      ; - java.lang.invoke.Invokers::checkExactType@-1
                      ; - java.lang.invoke.Invokers$Holder::invokeExact_MT@10
                      ; - jdk.internal.reflect.DirectMethodHandleAccessor::invokeImpl@41
                      ; - jdk.internal.reflect.DirectMethodHandleAccessor::invoke@23
  0x000075bd410b0720: 3637 07e9 | aef5 ffff 

  0x000075bd410b0728: ;   {runtime_call C1 Runtime throw_null_pointer_exception_blob}
  0x000075bd410b0728: e833 d736 

  0x000075bd410b072c: ; ImmutableOopMap {rsi=Oop rdx=Oop rdi=Oop [168]=Oop [184]=Oop [216]=Oop }
                      ;*invokevirtual type {reexecute=0 rethrow=0 return_oop=0}
                      ; - java.lang.invoke.Invokers::checkExactType@1
                      ; - java.lang.invoke.Invokers$Holder::invokeExact_MT@10
                      ; - jdk.internal.reflect.DirectMethodHandleAccessor::invokeImpl@41
                      ; - jdk.internal.reflect.DirectMethodHandleAccessor::invoke@23
                      ;   {metadata({method} {0x000075bd2036e568} 'checkCustomized' '(Ljava/lang/invoke/MethodHandle;)V' in 'java/lang/invoke/Invokers')}
  0x000075bd410b072c: 0749 ba68 | e536 20bd | 7500 004c | 8954 2408 | 48c7 0424 | ffff ffff 

  0x000075bd410b0744: ;   {runtime_call C1 Runtime counter_overflow_blob}
  0x000075bd410b0744: e897 3637 

  0x000075bd410b0748: ; ImmutableOopMap {rsi=Oop rdx=Oop rdi=Oop [168]=Oop [184]=Oop [216]=Oop }
                      ;*synchronization entry
                      ; - java.lang.invoke.Invokers::checkCustomized@-1
                      ; - java.lang.invoke.Invokers$Holder::invokeExact_MT@14
                      ; - jdk.internal.reflect.DirectMethodHandleAccessor::invokeImpl@41
                      ; - jdk.internal.reflect.DirectMethodHandleAccessor::invoke@23
  0x000075bd410b0748: 07e9 81f6 

  0x000075bd410b074c: ;   {metadata({method} {0x000075bd2008fb80} 'isCompileConstant' '(Ljava/lang/Object;)Z' in 'java/lang/invoke/MethodHandleImpl')}
  0x000075bd410b074c: ffff 49ba | 80fb 0820 | bd75 0000 | 4c89 5424 | 0848 c704 | 24ff ffff 

  0x000075bd410b0764: ;   {runtime_call C1 Runtime counter_overflow_blob}
  0x000075bd410b0764: ffe8 7636 

  0x000075bd410b0768: ; ImmutableOopMap {rsi=Oop rdx=Oop rdi=Oop [168]=Oop [184]=Oop [216]=Oop }
                      ;*synchronization entry
                      ; - java.lang.invoke.MethodHandleImpl::isCompileConstant@-1
                      ; - java.lang.invoke.Invokers::checkCustomized@1
                      ; - java.lang.invoke.Invokers$Holder::invokeExact_MT@14
                      ; - jdk.internal.reflect.DirectMethodHandleAccessor::invokeImpl@41
                      ; - jdk.internal.reflect.DirectMethodHandleAccessor::invoke@23
  0x000075bd410b0768: 3707 e998 

  0x000075bd410b076c: ;   {runtime_call C1 Runtime throw_null_pointer_exception_blob}
  0x000075bd410b076c: f6ff ffe8 

  0x000075bd410b0770: ; ImmutableOopMap {rsi=Oop rdx=Oop rdi=Oop [168]=Oop [184]=Oop [216]=Oop }
                      ;*getfield customized {reexecute=1 rethrow=0 return_oop=0}
                      ; - (reexecute) java.lang.invoke.Invokers::checkCustomized@12
                      ; - java.lang.invoke.Invokers$Holder::invokeExact_MT@14
                      ; - jdk.internal.reflect.DirectMethodHandleAccessor::invokeImpl@41
                      ; - jdk.internal.reflect.DirectMethodHandleAccessor::invoke@23
  0x000075bd410b0770: ecd6 3607 

  0x000075bd410b0774: ;   {internal_word}
  0x000075bd410b0774: 49ba 89ff | 0a41 bd75 | 0000 4d89 | 9738 0500 

  0x000075bd410b0784: ;   {runtime_call SafepointBlob}
  0x000075bd410b0784: 00e9 d693 

  0x000075bd410b0788: ;   {runtime_call C1 Runtime throw_null_pointer_exception_blob}
  0x000075bd410b0788: 2907 e8d1 

  0x000075bd410b078c: ; ImmutableOopMap {rax=Oop [168]=Oop [184]=Oop [216]=Oop }
                      ;*athrow {reexecute=1 rethrow=0 return_oop=0}
                      ; - (reexecute) java.lang.invoke.Invokers::checkExactType@15
                      ; - java.lang.invoke.Invokers$Holder::invokeExact_MT@10
                      ; - jdk.internal.reflect.DirectMethodHandleAccessor::invokeImpl@41
                      ; - jdk.internal.reflect.DirectMethodHandleAccessor::invoke@23
                      ;   {runtime_call C1 Runtime throw_null_pointer_exception_blob}
  0x000075bd410b078c: d636 07e8 

  0x000075bd410b0790: ; ImmutableOopMap {rax=Oop [168]=Oop [184]=Oop [192]=Oop [200]=Oop [208]=Oop }
                      ;*athrow {reexecute=1 rethrow=0 return_oop=0}
                      ; - (reexecute) java.lang.invoke.Invokers::checkExactType@15
                      ; - java.lang.invoke.LambdaForm$MH/0x0000000077146c00::invokeExact_MT@11
                      ; - jdk.internal.reflect.DirectMethodHandleAccessor::invokeImpl@72
                      ; - jdk.internal.reflect.DirectMethodHandleAccessor::invoke@23
  0x000075bd410b0790: ccd6 3607 

  0x000075bd410b0794: ;   {metadata({method} {0x000075bd2046a818} 'isIllegalArgument' '(Ljava/lang/RuntimeException;)Z' in 'jdk/internal/reflect/DirectMethodHandleAccessor')}
  0x000075bd410b0794: 49ba 18a8 | 4620 bd75 | 0000 4c89 | 5424 0848 | c704 24ff 

  0x000075bd410b07a8: ;   {runtime_call C1 Runtime counter_overflow_blob}
  0x000075bd410b07a8: ffff ffe8 

  0x000075bd410b07ac: ; ImmutableOopMap {rax=Oop }
                      ;*synchronization entry
                      ; - jdk.internal.reflect.DirectMethodHandleAccessor::isIllegalArgument@-1
                      ; - jdk.internal.reflect.DirectMethodHandleAccessor::invoke@58
  0x000075bd410b07ac: 3036 3707 | e9c6 f8ff 

  0x000075bd410b07b4: ;   {metadata({method} {0x000075bd2046a818} 'isIllegalArgument' '(Ljava/lang/RuntimeException;)Z' in 'jdk/internal/reflect/DirectMethodHandleAccessor')}
  0x000075bd410b07b4: ff49 ba18 | a846 20bd | 7500 004c | 8954 2408 | 48c7 0424 | ffff ffff 

  0x000075bd410b07cc: ;   {runtime_call C1 Runtime counter_overflow_blob}
  0x000075bd410b07cc: e80f 3637 

  0x000075bd410b07d0: ; ImmutableOopMap {rax=Oop }
                      ;*synchronization entry
                      ; - jdk.internal.reflect.DirectMethodHandleAccessor::isIllegalArgument@-1
                      ; - jdk.internal.reflect.DirectMethodHandleAccessor::invoke@30
  0x000075bd410b07d0: 07e9 5cf9 

  0x000075bd410b07d4: ;   {metadata(nullptr)}
  0x000075bd410b07d4: ffff 48ba | 0000 0000 | 0000 0000 | b800 0f05 

  0x000075bd410b07e4: ;   {runtime_call C1 Runtime load_klass_patching_blob}
  0x000075bd410b07e4: 0ae8 f620 

  0x000075bd410b07e8: ; ImmutableOopMap {}
                      ;*new {reexecute=1 rethrow=0 return_oop=0}
                      ; - (reexecute) jdk.internal.reflect.DirectMethodHandleAccessor::invoke@36
  0x000075bd410b07e8: 3707 e999 | f9ff ff48 

  0x000075bd410b07f0: ;   {runtime_call C1 Runtime fast_new_instance_blob}
  0x000075bd410b07f0: 8bd2 e869 

  0x000075bd410b07f4: ; ImmutableOopMap {}
                      ;*new {reexecute=0 rethrow=0 return_oop=0}
                      ; - jdk.internal.reflect.DirectMethodHandleAccessor::invoke@36
  0x000075bd410b07f4: e036 07e9 | d7f9 ffff 

  0x000075bd410b07fc: ;   {metadata(nullptr)}
  0x000075bd410b07fc: 48ba 0000 | 0000 0000 | 0000 b800 

  0x000075bd410b0808: ;   {runtime_call C1 Runtime load_klass_patching_blob}
  0x000075bd410b0808: 0f05 0ae8 

  0x000075bd410b080c: ; ImmutableOopMap {rbx=Oop }
                      ;*new {reexecute=1 rethrow=0 return_oop=0}
                      ; - (reexecute) jdk.internal.reflect.DirectMethodHandleAccessor::invoke@46
  0x000075bd410b080c: d020 3707 | e913 faff 

  0x000075bd410b0814: ;   {runtime_call C1 Runtime throw_null_pointer_exception_blob}
  0x000075bd410b0814: ffe8 46d6 

  0x000075bd410b0818: ; ImmutableOopMap {rbx=Oop }
                      ;*new {reexecute=0 rethrow=0 return_oop=0}
                      ; - jdk.internal.reflect.DirectMethodHandleAccessor::invoke@46
  0x000075bd410b0818: 3607 488b 

  0x000075bd410b081c: ;   {runtime_call C1 Runtime fast_new_instance_init_check_blob}
  0x000075bd410b081c: d2e8 bee3 

  0x000075bd410b0820: ; ImmutableOopMap {rbx=Oop }
                      ;*new {reexecute=0 rethrow=0 return_oop=0}
                      ; - jdk.internal.reflect.DirectMethodHandleAccessor::invoke@46
  0x000075bd410b0820: 3607 e959 

  0x000075bd410b0824: ;   {metadata(nullptr)}
  0x000075bd410b0824: faff ff48 | ba00 0000 | 0000 0000 | 00b8 000f 

  0x000075bd410b0834: ;   {runtime_call C1 Runtime load_klass_patching_blob}
  0x000075bd410b0834: 050a e8a5 

  0x000075bd410b0838: ; ImmutableOopMap {[224]=Oop }
                      ;*new {reexecute=1 rethrow=0 return_oop=0}
                      ; - (reexecute) jdk.internal.reflect.DirectMethodHandleAccessor::invoke@64
  0x000075bd410b0838: 2037 07e9 | 88fa ffff 

  0x000075bd410b0840: ;   {runtime_call C1 Runtime fast_new_instance_blob}
  0x000075bd410b0840: 488b d2e8 

  0x000075bd410b0844: ; ImmutableOopMap {[224]=Oop }
                      ;*new {reexecute=0 rethrow=0 return_oop=0}
                      ; - jdk.internal.reflect.DirectMethodHandleAccessor::invoke@64
  0x000075bd410b0844: 18e0 3607 | e9c6 faff 

  0x000075bd410b084c: ;   {metadata(nullptr)}
  0x000075bd410b084c: ff48 ba00 | 0000 0000 | 0000 00b8 | 000f 050a 

  0x000075bd410b085c: ;   {runtime_call C1 Runtime load_klass_patching_blob}
  0x000075bd410b085c: e87f 2037 

  0x000075bd410b0860: ; ImmutableOopMap {rbx=Oop }
                      ;*new {reexecute=1 rethrow=0 return_oop=0}
                      ; - (reexecute) jdk.internal.reflect.DirectMethodHandleAccessor::invoke@73
  0x000075bd410b0860: 07e9 02fb 

  0x000075bd410b0864: ;   {runtime_call C1 Runtime throw_null_pointer_exception_blob}
  0x000075bd410b0864: ffff e8f5 

  0x000075bd410b0868: ; ImmutableOopMap {rbx=Oop }
                      ;*new {reexecute=0 rethrow=0 return_oop=0}
                      ; - jdk.internal.reflect.DirectMethodHandleAccessor::invoke@73
  0x000075bd410b0868: d536 0748 

  0x000075bd410b086c: ;   {runtime_call C1 Runtime fast_new_instance_init_check_blob}
  0x000075bd410b086c: 8bd2 e86d 

  0x000075bd410b0870: ; ImmutableOopMap {rbx=Oop }
                      ;*new {reexecute=0 rethrow=0 return_oop=0}
                      ; - jdk.internal.reflect.DirectMethodHandleAccessor::invoke@73
  0x000075bd410b0870: e336 07e9 | 48fb ffff 

  0x000075bd410b0878: ;   {metadata('java/lang/reflect/InvocationTargetException')}
  0x000075bd410b0878: 48ba a054 | 0d77 0000 | 0000 b800 

  0x000075bd410b0884: ;   {runtime_call C1 Runtime load_klass_patching_blob}
  0x000075bd410b0884: 0f05 0ae8 

  0x000075bd410b0888: ; ImmutableOopMap {rbx=Oop }
                      ;*new {reexecute=1 rethrow=0 return_oop=0}
                      ; - (reexecute) jdk.internal.reflect.DirectMethodHandleAccessor::invoke@83
  0x000075bd410b0888: 5420 3707 | e98f fbff 

  0x000075bd410b0890: ;   {runtime_call C1 Runtime throw_null_pointer_exception_blob}
  0x000075bd410b0890: ffe8 cad5 

  0x000075bd410b0894: ; ImmutableOopMap {rbx=Oop }
                      ;*new {reexecute=0 rethrow=0 return_oop=0}
                      ; - jdk.internal.reflect.DirectMethodHandleAccessor::invoke@83
  0x000075bd410b0894: 3607 488b 

  0x000075bd410b0898: ;   {runtime_call C1 Runtime fast_new_instance_init_check_blob}
  0x000075bd410b0898: d2e8 42e3 

  0x000075bd410b089c: ; ImmutableOopMap {rbx=Oop }
                      ;*new {reexecute=0 rethrow=0 return_oop=0}
                      ; - jdk.internal.reflect.DirectMethodHandleAccessor::invoke@83
  0x000075bd410b089c: 3607 e9d5 | fbff ff49 | 8b87 e005 | 0000 49c7 | 87e0 0500 | 0000 0000 | 0049 c787 | e805 0000 
  0x000075bd410b08bc: 0000 0000 | 4881 c420 | 0100 005d 

  0x000075bd410b08c8: ;   {runtime_call C1 Runtime unwind_exception_blob}
  0x000075bd410b08c8: e993 c636 | 07f4 f4f4 
[Stub Code]
  0x000075bd410b08d0: ;   {other}
  0x000075bd410b08d0: 0f1f 4400 

  0x000075bd410b08d4: ;   {static_stub}
  0x000075bd410b08d4: 0048 bb00 | 0000 0000 

  0x000075bd410b08dc: ;   {runtime_call nmethod}
  0x000075bd410b08dc: 0000 00e9 | fbff ffff 

  0x000075bd410b08e4: ;   {static_stub}
  0x000075bd410b08e4: 9048 bbb0 | 4a6f 22bd 

  0x000075bd410b08ec: ;   {runtime_call I2C/C2I adapters}
  0x000075bd410b08ec: 7500 00e9 | d240 2907 

  0x000075bd410b08f4: ;   {static_stub}
  0x000075bd410b08f4: 9048 bb38 | 593c 20bd 

  0x000075bd410b08fc: ;   {runtime_call I2C/C2I adapters}
  0x000075bd410b08fc: 7500 00e9 | ba90 2807 

  0x000075bd410b0904: ;   {static_stub}
  0x000075bd410b0904: 9048 bb00 | 0000 0000 

  0x000075bd410b090c: ;   {runtime_call nmethod}
  0x000075bd410b090c: 0000 00e9 | fbff ffff 

  0x000075bd410b0914: ;   {static_stub}
  0x000075bd410b0914: 9048 bb00 | 0000 0000 

  0x000075bd410b091c: ;   {runtime_call nmethod}
  0x000075bd410b091c: 0000 00e9 | fbff ffff 

  0x000075bd410b0924: ;   {static_stub}
  0x000075bd410b0924: 9048 bb00 | 0000 0000 

  0x000075bd410b092c: ;   {runtime_call nmethod}
  0x000075bd410b092c: 0000 00e9 | fbff ffff 

  0x000075bd410b0934: ;   {static_stub}
  0x000075bd410b0934: 9048 bb00 | 0000 0000 

  0x000075bd410b093c: ;   {runtime_call nmethod}
  0x000075bd410b093c: 0000 00e9 | fbff ffff 

  0x000075bd410b0944: ;   {static_stub}
  0x000075bd410b0944: 9048 bb18 | 7e52 20bd 

  0x000075bd410b094c: ;   {runtime_call I2C/C2I adapters}
  0x000075bd410b094c: 7500 00e9 | 62ec 2907 

  0x000075bd410b0954: ;   {static_stub}
  0x000075bd410b0954: 48bb 0000 | 0000 0000 

  0x000075bd410b095c: ;   {runtime_call nmethod}
  0x000075bd410b095c: 0000 e9fb 

  0x000075bd410b0960: ;   {static_stub}
  0x000075bd410b0960: ffff ff48 | bb00 0000 | 0000 0000 

  0x000075bd410b096c: ;   {runtime_call nmethod}
  0x000075bd410b096c: 00e9 fbff 

  0x000075bd410b0970: ;   {static_stub}
  0x000075bd410b0970: ffff 48bb | 0000 0000 | 0000 0000 

  0x000075bd410b097c: ;   {runtime_call nmethod}
  0x000075bd410b097c: e9fb ffff 

  0x000075bd410b0980: ;   {static_stub}
  0x000075bd410b0980: ff48 bb00 | 0000 0000 

  0x000075bd410b0988: ;   {runtime_call nmethod}
  0x000075bd410b0988: 0000 00e9 | fbff ffff 

  0x000075bd410b0990: ;   {static_stub}
  0x000075bd410b0990: 48bb 0000 | 0000 0000 

  0x000075bd410b0998: ;   {runtime_call nmethod}
  0x000075bd410b0998: 0000 e9fb 

  0x000075bd410b099c: ;   {static_stub}
  0x000075bd410b099c: ffff ff48 | bb00 0000 | 0000 0000 

  0x000075bd410b09a8: ;   {runtime_call nmethod}
  0x000075bd410b09a8: 00e9 fbff 

  0x000075bd410b09ac: ;   {static_stub}
  0x000075bd410b09ac: ffff 48bb | 0000 0000 | 0000 0000 

  0x000075bd410b09b8: ;   {runtime_call nmethod}
  0x000075bd410b09b8: e9fb ffff 

  0x000075bd410b09bc: ;   {static_stub}
  0x000075bd410b09bc: ff48 bb00 | 0000 0000 

  0x000075bd410b09c4: ;   {runtime_call nmethod}
  0x000075bd410b09c4: 0000 00e9 | fbff ffff 
[Exception Handler]
  0x000075bd410b09cc: ;   {runtime_call C1 Runtime handle_exception_from_callee_blob}
  0x000075bd410b09cc: e88f f636 

  0x000075bd410b09d0: ;   {external_word}
  0x000075bd410b09d0: 0748 bf3c | 7736 5cbd | 7500 0048 

  0x000075bd410b09dc: ;   {runtime_call MacroAssembler::debug64(char*, long, long*)}
  0x000075bd410b09dc: 83e4 f0e8 | dc9b c81a 

  0x000075bd410b09e4: ;   {section_word}
  0x000075bd410b09e4: f449 bae5 | 090b 41bd | 7500 0041 

  0x000075bd410b09f0: ;   {runtime_call DeoptimizationBlob}
  0x000075bd410b09f0: 52e9 ea78 

  0x000075bd410b09f4: ;   {section_word}
  0x000075bd410b09f4: 2907 49ba | f609 0b41 | bd75 0000 

  0x000075bd410b0a00: ;   {runtime_call DeoptimizationBlob}
  0x000075bd410b0a00: 4152 e9d9 | 7829 07f4 
[/MachCode]


Compiled method (c1) 1856 1512       3       java.lang.reflect.Method::invoke (108 bytes)
 total in heap  [0x000075bd410a9208,0x000075bd410a99f8] = 2032
 main code      [0x000075bd410a9300,0x000075bd410a9968] = 1640
 stub code      [0x000075bd410a9968,0x000075bd410a99f8] = 144
 mutable data [0x000075bd0439c380,0x000075bd0439c458] = 216
 relocation     [0x000075bd0439c380,0x000075bd0439c440] = 192
 metadata       [0x000075bd0439c440,0x000075bd0439c458] = 24
 immutable data [0x000075bd0439c1c0,0x000075bd0439c378] = 440
 dependencies   [0x000075bd0439c1c0,0x000075bd0439c1c8] = 8
 nul chk table  [0x000075bd0439c1c8,0x000075bd0439c1e8] = 32
 scopes pcs     [0x000075bd0439c1e8,0x000075bd0439c2b8] = 208
 scopes data    [0x000075bd0439c2b8,0x000075bd0439c378] = 192

[Constant Pool (empty)]

[MachCode]
[Instructions begin]
  0x000075bd410a9300: 660f 1f84 | 0000 0000 | 0066 0f1f | 8400 0000 | 0000 448b | 5608 443b 

  0x000075bd410a9318: ;   {runtime_call Shared Runtime ic_miss_blob}
  0x000075bd410a9318: 5008 0f85 | c0d2 2907 
[Verified Entry Point]
  0x000075bd410a9320: 8984 2400 | c0fe ff55 | 4881 ec80 | 0000 0090 | 4181 7f20 | 0500 0000 

  0x000075bd410a9338: ;   {runtime_call Stub::method_entry_barrier}
  0x000075bd410a9338: 7405 e841 | 7228 0748 | 8974 2448 | 4889 5424 

  0x000075bd410a9348: ;   {metadata(method data for {method} {0x000075bd20066808} 'invoke' '(Ljava/lang/Object;[Ljava/lang/Object;)Ljava/lang/Object;' in 'java/lang/reflect/Method')}
  0x000075bd410a9348: 5048 bf98 | 4dbf 20bd | 7500 008b | 9f90 0000 | 0083 c302 | 899f 9000 | 0000 81e3 | fe07 0000 
  0x000075bd410a9368: 85db 0f84 | 4f05 0000 | 4889 4c24 | 5848 8bfe 

  0x000075bd410a9378: ;   {metadata(method data for {method} {0x000075bd20066808} 'invoke' '(Ljava/lang/Object;[Ljava/lang/Object;)Ljava/lang/Object;' in 'java/lang/reflect/Method')}
  0x000075bd410a9378: 48bb 984d | bf20 bd75 | 0000 4883 | 83d8 0000 | 0001 488b | fe48 8bf7 | 0f1f 8000 

  0x000075bd410a9394: ;   {optimized virtual_call}
  0x000075bd410a9394: 0000 00e8 

  0x000075bd410a9398: ; ImmutableOopMap {[72]=Oop [80]=Oop [88]=Oop }
                      ;*invokevirtual isCallerSensitive {reexecute=0 rethrow=0 return_oop=0}
                      ; - java.lang.reflect.Method::invoke@1
  0x000075bd410a9398: 84f6 ffff 

  0x000075bd410a939c: ;   {post_call_nop}
  0x000075bd410a939c: 0f1f 8400 | 9401 0000 | 488b 7424 | 480f be7e 

  0x000075bd410a93ac: ;   {metadata(method data for {method} {0x000075bd20066808} 'invoke' '(Ljava/lang/Object;[Ljava/lang/Object;)Ljava/lang/Object;' in 'java/lang/reflect/Method')}
  0x000075bd410a93ac: 0c85 ff48 | bf98 4dbf | 20bd 7500 | 00bb 0801 | 0000 7405 | bb18 0100 | 0048 8b14 | 1f48 8d52 
  0x000075bd410a93cc: 0148 8914 | 1f0f 843d | 0000 0085 

  0x000075bd410a93d8: ;   {metadata(method data for {method} {0x000075bd20066808} 'invoke' '(Ljava/lang/Object;[Ljava/lang/Object;)Ljava/lang/Object;' in 'java/lang/reflect/Method')}
  0x000075bd410a93d8: c048 bf98 | 4dbf 20bd | 7500 00bb | 3801 0000 | 7505 bb28 | 0100 0048 | 8b14 1f48 | 8d52 0148 
  0x000075bd410a93f8: 8914 1f0f | 8513 0000 

  0x000075bd410a9400: ;   {oop(nullptr)}
  0x000075bd410a9400: 0048 bf00 | 0000 0000 | 0000 0089 | 4424 60e9 | 3000 0000 | 8944 2460 

  0x000075bd410a9418: ;   {metadata(method data for {method} {0x000075bd20066808} 'invoke' '(Ljava/lang/Object;[Ljava/lang/Object;)Ljava/lang/Object;' in 'java/lang/reflect/Method')}
  0x000075bd410a9418: 48bf 984d | bf20 bd75 | 0000 4883 | 8748 0100 | 0001 0f1f 

  0x000075bd410a942c: ;   {static_call}
  0x000075bd410a942c: 4400 00e8 

  0x000075bd410a9430: ; ImmutableOopMap {[72]=Oop [80]=Oop [88]=Oop }
                      ;*invokestatic getCallerClass {reexecute=0 rethrow=0 return_oop=0}
                      ; - java.lang.reflect.Method::invoke@19
  0x000075bd410a9430: 5cdc 9c07 

  0x000075bd410a9434: ;   {post_call_nop}
  0x000075bd410a9434: 0f1f 8400 | 2c02 0001 | 488b f848 | 8b74 2448 | 0fbe 560c 

  0x000075bd410a9448: ;   {metadata(method data for {method} {0x000075bd20066808} 'invoke' '(Ljava/lang/Object;[Ljava/lang/Object;)Ljava/lang/Object;' in 'java/lang/reflect/Method')}
  0x000075bd410a9448: 85d2 48ba | 984d bf20 | bd75 0000 | b968 0100 | 0074 05b9 | 5801 0000 | 4c8b 040a | 4d8d 4001 
  0x000075bd410a9468: 4c89 040a | 0f84 0a00 | 0000 4889 | 7c24 68e9 | 2502 0000 | 8b4e 1c44 

  0x000075bd410a9480: ;   {metadata(method data for {method} {0x000075bd20066808} 'invoke' '(Ljava/lang/Object;[Ljava/lang/Object;)Ljava/lang/Object;' in 'java/lang/reflect/Method')}
  0x000075bd410a9480: 8b4e 5048 | ba98 4dbf | 20bd 7500 | 0048 8382 | 7801 0000 

  0x000075bd410a9494: ;   {metadata(method data for {method} {0x000075bd202703b0} 'isStatic' '(I)Z' in 'java/lang/reflect/Modifier')}
  0x000075bd410a9494: 0148 ba28 | 128c 20bd | 7500 0044 | 8b82 9000 | 0000 4183 | c002 4489 | 8290 0000 | 0041 81e0 
  0x000075bd410a94b4: feff 1f00 | 4585 c00f | 841f 0400 | 0049 8bd1 | 83e2 0885 

  0x000075bd410a94c8: ;   {metadata(method data for {method} {0x000075bd202703b0} 'isStatic' '(I)Z' in 'java/lang/reflect/Modifier')}
  0x000075bd410a94c8: d248 ba28 | 128c 20bd | 7500 0041 | b8d8 0000 | 0074 0641 | b8e8 0000 | 004a 8b1c | 0248 8d5b 
  0x000075bd410a94e8: 014a 891c | 020f 841a 

  0x000075bd410a94f0: ;   {metadata(method data for {method} {0x000075bd202703b0} 'isStatic' '(I)Z' in 'java/lang/reflect/Modifier')}
  0x000075bd410a94f0: 0000 0048 | ba28 128c | 20bd 7500 | 00ff 82f8 | 0000 00ba | 0100 0000 | e905 0000 | 00ba 0000 
  0x000075bd410a9510: 0000 83e2 

  0x000075bd410a9514: ;   {metadata(method data for {method} {0x000075bd20066808} 'invoke' '(Ljava/lang/Object;[Ljava/lang/Object;)Ljava/lang/Object;' in 'java/lang/reflect/Method')}
  0x000075bd410a9514: 0185 d248 | ba98 4dbf | 20bd 7500 | 0041 b888 | 0100 0074 | 0641 b898 | 0100 004a | 8b1c 0248 
  0x000075bd410a9534: 8d5b 014a | 891c 020f | 841f 0000 

  0x000075bd410a9540: ;   {metadata(method data for {method} {0x000075bd20066808} 'invoke' '(Ljava/lang/Object;[Ljava/lang/Object;)Ljava/lang/Object;' in 'java/lang/reflect/Method')}
  0x000075bd410a9540: 0048 ba98 | 4dbf 20bd | 7500 00ff | 82a8 0100 

  0x000075bd410a9550: ;   {oop(nullptr)}
  0x000075bd410a9550: 0049 b800 | 0000 0000 | 0000 00e9 | 9a00 0000 | 488b 5424 | 5048 3b02 

  0x000075bd410a9568: ;   {metadata(method data for {method} {0x000075bd20066808} 'invoke' '(Ljava/lang/Object;[Ljava/lang/Object;)Ljava/lang/Object;' in 'java/lang/reflect/Method')}
  0x000075bd410a9568: 4c8b c248 | bb98 4dbf | 20bd 7500 | 0045 8b40 | 084c 3b83 | c801 0000 | 750d 4883 | 83d0 0100 
  0x000075bd410a9588: 0001 e960 | 0000 004c | 3b83 d801 | 0000 750d | 4883 83e0 | 0100 0001 | e94a 0000 | 0048 83bb 
  0x000075bd410a95a8: c801 0000 | 0075 174c | 8983 c801 | 0000 48c7 | 83d0 0100 | 0001 0000 | 00e9 2900 | 0000 4883 
  0x000075bd410a95c8: bbd8 0100 | 0000 7517 | 4c89 83d8 | 0100 0048 | c783 e001 | 0000 0100 | 0000 e908 | 0000 0048 
  0x000075bd410a95e8: 8383 c001 | 0000 0144 | 8b42 084d | 8b40 704d | 8b00 488b 

  0x000075bd410a95fc: ;   {metadata(method data for {method} {0x000075bd20066808} 'invoke' '(Ljava/lang/Object;[Ljava/lang/Object;)Ljava/lang/Object;' in 'java/lang/reflect/Method')}
  0x000075bd410a95fc: de48 b898 | 4dbf 20bd | 7500 008b | 5b08 483b | 98f8 0100 | 0075 0d48 | 8380 0002 | 0000 01e9 
  0x000075bd410a961c: 6000 0000 | 483b 9808 | 0200 0075 | 0d48 8380 | 1002 0000 | 01e9 4a00 | 0000 4883 | b8f8 0100 
  0x000075bd410a963c: 0000 7517 | 4889 98f8 | 0100 0048 | c780 0002 | 0000 0100 | 0000 e929 | 0000 0048 | 83b8 0802 
  0x000075bd410a965c: 0000 0075 | 1748 8998 | 0802 0000 | 48c7 8010 | 0200 0001 | 0000 00e9 | 0800 0000 | 4883 80f0 
  0x000075bd410a967c: 0100 0001 | 488b d748 | 8bc6 488b | f048 897c 

  0x000075bd410a968c: ;   {optimized virtual_call}
  0x000075bd410a968c: 2468 90e8 

  0x000075bd410a9690: ; ImmutableOopMap {[72]=Oop [80]=Oop [88]=Oop [104]=Oop }
                      ;*invokevirtual checkAccess {reexecute=0 rethrow=0 return_oop=0}
                      ; - java.lang.reflect.Method::invoke@60
  0x000075bd410a9690: 0cce ffff 

  0x000075bd410a9694: ;   {post_call_nop}
  0x000075bd410a9694: 0f1f 8400 | 8c04 0002 | 488b 7424 | 488b 7e48 

  0x000075bd410a96a4: ;   {metadata(method data for {method} {0x000075bd20066808} 'invoke' '(Ljava/lang/Object;[Ljava/lang/Object;)Ljava/lang/Object;' in 'java/lang/reflect/Method')}
  0x000075bd410a96a4: 4885 ff48 | bb98 4dbf | 20bd 7500 | 00b8 2002 | 0000 7505 | b830 0200 | 0048 8b14 | 0348 8d52 
  0x000075bd410a96c4: 0148 8914 | 030f 8528 | 0000 0048 

  0x000075bd410a96d0: ;   {metadata(method data for {method} {0x000075bd20066808} 'invoke' '(Ljava/lang/Object;[Ljava/lang/Object;)Ljava/lang/Object;' in 'java/lang/reflect/Method')}
  0x000075bd410a96d0: 8bfe 48bb | 984d bf20 | bd75 0000 | 4883 8340 | 0200 0001 

  0x000075bd410a96e4: ;   {optimized virtual_call}
  0x000075bd410a96e4: 6666 90e8 

  0x000075bd410a96e8: ; ImmutableOopMap {[80]=Oop [88]=Oop [104]=Oop }
                      ;*invokevirtual acquireMethodAccessor {reexecute=0 rethrow=0 return_oop=0}
                      ; - java.lang.reflect.Method::invoke@75
  0x000075bd410a96e8: cd02 0000 

  0x000075bd410a96ec: ;   {post_call_nop}
  0x000075bd410a96ec: 0f1f 8400 | e404 0003 | 488b f88b | 4424 6085 

  0x000075bd410a96fc: ;   {metadata(method data for {method} {0x000075bd20066808} 'invoke' '(Ljava/lang/Object;[Ljava/lang/Object;)Ljava/lang/Object;' in 'java/lang/reflect/Method')}
  0x000075bd410a96fc: c048 ba98 | 4dbf 20bd | 7500 00b9 | 7002 0000 | 7405 b980 | 0200 004c | 8b04 0a4d | 8d40 014c 
  0x000075bd410a971c: 8904 0a0f | 84da 0000 | 004c 8b44 | 2468 483b | 0748 8bd7 

  0x000075bd410a9730: ;   {metadata(method data for {method} {0x000075bd20066808} 'invoke' '(Ljava/lang/Object;[Ljava/lang/Object;)Ljava/lang/Object;' in 'java/lang/reflect/Method')}
  0x000075bd410a9730: 48b9 984d | bf20 bd75 | 0000 8b52 | 0848 3b91 | 9802 0000 | 750d 4883 | 81a0 0200 | 0001 e960 
  0x000075bd410a9750: 0000 0048 | 3b91 a802 | 0000 750d | 4883 81b0 | 0200 0001 | e94a 0000 | 0048 83b9 | 9802 0000 
  0x000075bd410a9770: 0075 1748 | 8991 9802 | 0000 48c7 | 81a0 0200 | 0001 0000 | 00e9 2900 | 0000 4883 | b9a8 0200 
  0x000075bd410a9790: 0000 7517 | 4889 91a8 | 0200 0048 | c781 b002 | 0000 0100 | 0000 e908 | 0000 0048 | 8381 9002 
  0x000075bd410a97b0: 0000 0148 | 8b54 2450 | 488b 4c24 | 5848 8bf7 | 0f1f 4400 | 0048 b8e0 | c539 04bd 

  0x000075bd410a97cc: ;   {virtual_call}
  0x000075bd410a97cc: 7500 00e8 

  0x000075bd410a97d0: ; ImmutableOopMap {}
                      ;*invokeinterface invoke {reexecute=0 rethrow=0 return_oop=0}
                      ; - java.lang.reflect.Method::invoke@90
  0x000075bd410a97d0: 0cd8 2907 

  0x000075bd410a97d4: ;   {post_call_nop}
  0x000075bd410a97d4: 0f1f 8400 | cc05 0004 

  0x000075bd410a97dc: ;   {metadata(method data for {method} {0x000075bd20066808} 'invoke' '(Ljava/lang/Object;[Ljava/lang/Object;)Ljava/lang/Object;' in 'java/lang/reflect/Method')}
  0x000075bd410a97dc: 48ba 984d | bf20 bd75 | 0000 ff82 | c002 0000 | 4881 c480 | 0000 005d 

  0x000075bd410a97f4: ;   {poll_return}
  0x000075bd410a97f4: 493b 6728 | 0f87 0d01 | 0000 c348 | 8b4c 2458 | 488b 5424 | 5048 3b07 

  0x000075bd410a980c: ;   {metadata(method data for {method} {0x000075bd20066808} 'invoke' '(Ljava/lang/Object;[Ljava/lang/Object;)Ljava/lang/Object;' in 'java/lang/reflect/Method')}
  0x000075bd410a980c: 488b f748 | bb98 4dbf | 20bd 7500 | 008b 7608 | 483b b3e0 | 0200 0075 | 0d48 8383 | e802 0000 
  0x000075bd410a982c: 01e9 6000 | 0000 483b | b3f0 0200 | 0075 0d48 | 8383 f802 | 0000 01e9 | 4a00 0000 | 4883 bbe0 
  0x000075bd410a984c: 0200 0000 | 7517 4889 | b3e0 0200 | 0048 c783 | e802 0000 | 0100 0000 | e929 0000 | 0048 83bb 
  0x000075bd410a986c: f002 0000 | 0075 1748 | 89b3 f002 | 0000 48c7 | 83f8 0200 | 0001 0000 | 00e9 0800 | 0000 4883 
  0x000075bd410a988c: 83d8 0200 | 0001 488b | f748 b808 | c639 04bd 

  0x000075bd410a989c: ;   {virtual_call}
  0x000075bd410a989c: 7500 00e8 

  0x000075bd410a98a0: ; ImmutableOopMap {}
                      ;*invokeinterface invoke {reexecute=0 rethrow=0 return_oop=0}
                      ; - java.lang.reflect.Method::invoke@102
  0x000075bd410a98a0: 6e54 0000 

  0x000075bd410a98a4: ;   {post_call_nop}
  0x000075bd410a98a4: 0f1f 8400 | 9c06 0005 | 4881 c480 | 0000 005d 

  0x000075bd410a98b4: ;   {poll_return}
  0x000075bd410a98b4: 493b 6728 | 0f87 6800 

  0x000075bd410a98bc: ;   {metadata({method} {0x000075bd20066808} 'invoke' '(Ljava/lang/Object;[Ljava/lang/Object;)Ljava/lang/Object;' in 'java/lang/reflect/Method')}
  0x000075bd410a98bc: 0000 c349 | ba08 6806 | 20bd 7500 | 004c 8954 | 2408 48c7 | 0424 ffff 

  0x000075bd410a98d4: ;   {runtime_call C1 Runtime counter_overflow_blob}
  0x000075bd410a98d4: ffff e805 

  0x000075bd410a98d8: ; ImmutableOopMap {rsi=Oop rdx=Oop rcx=Oop [72]=Oop [80]=Oop }
                      ;*synchronization entry
                      ; - java.lang.reflect.Method::invoke@-1
  0x000075bd410a98d8: a537 07e9 | 90fa ffff 

  0x000075bd410a98e0: ;   {metadata({method} {0x000075bd202703b0} 'isStatic' '(I)Z' in 'java/lang/reflect/Modifier')}
  0x000075bd410a98e0: 49ba b003 | 2720 bd75 | 0000 4c89 | 5424 0848 | c704 24ff 

  0x000075bd410a98f4: ;   {runtime_call C1 Runtime counter_overflow_blob}
  0x000075bd410a98f4: ffff ffe8 

  0x000075bd410a98f8: ; ImmutableOopMap {rdi=Oop rsi=Oop rcx=Oop [72]=Oop [80]=Oop [88]=Oop }
                      ;*synchronization entry
                      ; - java.lang.reflect.Modifier::isStatic@-1
                      ; - java.lang.reflect.Method::invoke@42
  0x000075bd410a98f8: e4a4 3707 | e9c0 fbff 

  0x000075bd410a9900: ;   {runtime_call C1 Runtime throw_null_pointer_exception_blob}
  0x000075bd410a9900: ffe8 5a45 

  0x000075bd410a9904: ; ImmutableOopMap {rdi=Oop rsi=Oop rcx=Oop rdx=Oop [72]=Oop [80]=Oop [88]=Oop }
                      ;*invokevirtual getClass {reexecute=0 rethrow=0 return_oop=0}
                      ; - java.lang.reflect.Method::invoke@53
                      ;   {runtime_call C1 Runtime throw_null_pointer_exception_blob}
  0x000075bd410a9904: 3707 e855 

  0x000075bd410a9908: ; ImmutableOopMap {rdi=Oop r8=Oop [80]=Oop [88]=Oop }
                      ;*invokeinterface invoke {reexecute=0 rethrow=0 return_oop=0}
                      ; - java.lang.reflect.Method::invoke@90
                      ;   {internal_word}
  0x000075bd410a9908: 4537 0749 | baf4 970a | 41bd 7500 | 004d 8997 | 3805 0000 

  0x000075bd410a991c: ;   {runtime_call SafepointBlob}
  0x000075bd410a991c: e93f 022a 

  0x000075bd410a9920: ;   {runtime_call C1 Runtime throw_null_pointer_exception_blob}
  0x000075bd410a9920: 07e8 3a45 

  0x000075bd410a9924: ; ImmutableOopMap {rdx=Oop rcx=Oop rdi=Oop [80]=Oop }
                      ;*invokeinterface invoke {reexecute=0 rethrow=0 return_oop=0}
                      ; - java.lang.reflect.Method::invoke@102
                      ;   {internal_word}
  0x000075bd410a9924: 3707 49ba | b498 0a41 | bd75 0000 | 4d89 9738 

  0x000075bd410a9934: ;   {runtime_call SafepointBlob}
  0x000075bd410a9934: 0500 00e9 | 2402 2a07 | 498b 87e0 | 0500 0049 | c787 e005 | 0000 0000 | 0000 49c7 | 87e8 0500 
  0x000075bd410a9954: 0000 0000 | 0048 81c4 | 8000 0000 

  0x000075bd410a9960: ;   {runtime_call C1 Runtime unwind_exception_blob}
  0x000075bd410a9960: 5de9 fa35 | 3707 f4f4 
[Stub Code]
  0x000075bd410a9968: ;   {other}
  0x000075bd410a9968: 0f1f 4400 

  0x000075bd410a996c: ;   {static_stub}
  0x000075bd410a996c: 0048 bb00 | 0000 0000 

  0x000075bd410a9974: ;   {runtime_call nmethod}
  0x000075bd410a9974: 0000 00e9 | fbff ffff 

  0x000075bd410a997c: ;   {static_stub}
  0x000075bd410a997c: 9048 bb00 | 0000 0000 

  0x000075bd410a9984: ;   {runtime_call nmethod}
  0x000075bd410a9984: 0000 00e9 | fbff ffff 

  0x000075bd410a998c: ;   {static_stub}
  0x000075bd410a998c: 48bb 0000 | 0000 0000 

  0x000075bd410a9994: ;   {runtime_call nmethod}
  0x000075bd410a9994: 0000 e9fb 

  0x000075bd410a9998: ;   {static_stub}
  0x000075bd410a9998: ffff ff48 | bb00 0000 | 0000 0000 

  0x000075bd410a99a4: ;   {runtime_call nmethod}
  0x000075bd410a99a4: 00e9 fbff 

  0x000075bd410a99a8: ;   {static_stub}
  0x000075bd410a99a8: ffff 48bb | 0000 0000 | 0000 0000 

  0x000075bd410a99b4: ;   {runtime_call nmethod}
  0x000075bd410a99b4: e9fb ffff 

  0x000075bd410a99b8: ;   {static_stub}
  0x000075bd410a99b8: ff48 bb20 | 6e06 20bd 

  0x000075bd410a99c0: ;   {runtime_call I2C/C2I adapters}
  0x000075bd410a99c0: 7500 00e9 | ea0b 2a07 
[Exception Handler]
  0x000075bd410a99c8: ;   {runtime_call C1 Runtime handle_exception_from_callee_blob}
  0x000075bd410a99c8: e893 6637 

  0x000075bd410a99cc: ;   {external_word}
  0x000075bd410a99cc: 0748 bf3c | 7736 5cbd | 7500 0048 

  0x000075bd410a99d8: ;   {runtime_call MacroAssembler::debug64(char*, long, long*)}
  0x000075bd410a99d8: 83e4 f0e8 | e00b c91a 

  0x000075bd410a99e0: ;   {section_word}
  0x000075bd410a99e0: f449 bae1 | 990a 41bd | 7500 0041 

  0x000075bd410a99ec: ;   {runtime_call DeoptimizationBlob}
  0x000075bd410a99ec: 52e9 eee8 | 2907 f4f4 | f4f4 f4f4 
[/MachCode]


Compiled method (c1) 1858  554       3       java.lang.invoke.DirectMethodHandle$Holder::invokeStatic (15 bytes)
 total in heap  [0x000075bd40f4b488,0x000075bd40f4b948] = 1216
 main code      [0x000075bd40f4b580,0x000075bd40f4b8f8] = 888
 stub code      [0x000075bd40f4b8f8,0x000075bd40f4b948] = 80
 mutable data [0x000075bcfc10d5e0,0x000075bcfc10d650] = 112
 relocation     [0x000075bcfc10d5e0,0x000075bcfc10d640] = 96
 metadata       [0x000075bcfc10d640,0x000075bcfc10d650] = 16
 immutable data [0x000075bcfc10d500,0x000075bcfc10d5d0] = 208
 dependencies   [0x000075bcfc10d500,0x000075bcfc10d508] = 8
 nul chk table  [0x000075bcfc10d508,0x000075bcfc10d518] = 16
 scopes pcs     [0x000075bcfc10d518,0x000075bcfc10d588] = 112
 scopes data    [0x000075bcfc10d588,0x000075bcfc10d5d0] = 72

[Constant Pool (empty)]

[MachCode]
[Verified Entry Point]
  # {method} {0x000075bd2035af80} 'invokeStatic' '(Ljava/lang/Object;Ljava/lang/Object;Ljava/lang/Object;)Ljava/lang/Object;' in 'java/lang/invoke/DirectMethodHandle$Holder'
  # parm0:    rsi:rsi   = 'java/lang/Object'
  # parm1:    rdx:rdx   = 'java/lang/Object'
  # parm2:    rcx:rcx   = 'java/lang/Object'
  #           [sp+0x50]  (sp of caller)
  0x000075bd40f4b580: e9db 3c3b | 07fe ff55 | 4883 ec40 | 4181 7f20 | 0500 0000 

  0x000075bd40f4b594: ;   {runtime_call Stub::method_entry_barrier}
  0x000075bd40f4b594: 7405 e8e5 

  0x000075bd40f4b598: ;   {metadata(method data for {method} {0x000075bd2035af80} 'invokeStatic' '(Ljava/lang/Object;Ljava/lang/Object;Ljava/lang/Object;)Ljava/lang/Object;' in 'java/lang/invoke/DirectMethodHandle$Holder')}
  0x000075bd40f4b598: 4f3e 0748 | bf48 a08b | 20bd 7500 | 0048 8dbf | e001 0000 | 4885 f675 | 0cf6 0701 | 7522 f048 
  0x000075bd40f4b5b8: 830f 01eb | 1b8b 5e08 | 4c8b d348 | 331f 48f7 | c3fc ffff | ff74 09f6 | c302 7504 | 4883 0f02 
  0x000075bd40f4b5d8: 4885 d275 | 0ef6 4710 | 0175 25f0 | 4883 4f10 | 01eb 1d8b | 5a08 4c8b | d348 335f | 1048 f7c3 
  0x000075bd40f4b5f8: fcff ffff | 740a f6c3 | 0275 0548 | 834f 1002 

  0x000075bd40f4b608: ;   {metadata(method data for {method} {0x000075bd2035af80} 'invokeStatic' '(Ljava/lang/Object;Ljava/lang/Object;Ljava/lang/Object;)Ljava/lang/Object;' in 'java/lang/invoke/DirectMethodHandle$Holder')}
  0x000075bd40f4b608: 48bf 48a0 | 8b20 bd75 | 0000 8b9f | 9000 0000 | 83c3 0289 | 9f90 0000 | 0081 e3fe | 0700 0085 
  0x000075bd40f4b628: db0f 843b 

  0x000075bd40f4b62c: ;   {metadata(method data for {method} {0x000075bd2035af80} 'invokeStatic' '(Ljava/lang/Object;Ljava/lang/Object;Ljava/lang/Object;)Ljava/lang/Object;' in 'java/lang/invoke/DirectMethodHandle$Holder')}
  0x000075bd40f4b62c: 0200 0048 | bf48 a08b | 20bd 7500 | 0048 8dbf | e800 0000 | 4885 f675 | 0ef6 4708 | 0175 25f0 
  0x000075bd40f4b64c: 4883 4f08 | 01eb 1d8b | 5e08 4c8b | d348 335f | 0848 f7c3 | fcff ffff | 740a f6c3 | 0275 0548 
  0x000075bd40f4b66c: 834f 0802 

  0x000075bd40f4b670: ;   {metadata(method data for {method} {0x000075bd2035af80} 'invokeStatic' '(Ljava/lang/Object;Ljava/lang/Object;Ljava/lang/Object;)Ljava/lang/Object;' in 'java/lang/invoke/DirectMethodHandle$Holder')}
  0x000075bd40f4b670: 48bf 48a0 | 8b20 bd75 | 0000 4883 | 87d8 0000 

  0x000075bd40f4b680: ;   {metadata(method data for {method} {0x000075bd20079a70} 'internalMemberName' '(Ljava/lang/Object;)Ljava/lang/Object;' in 'java/lang/invoke/DirectMethodHandle')}
  0x000075bd40f4b680: 0001 48bf | 209b 8b20 | bd75 0000 | 8b9f 9000 | 0000 83c3 | 0289 9f90 | 0000 0081 | e3fe ff1f 
  0x000075bd40f4b6a0: 0085 db0f | 84e2 0100 | 0048 85f6 

  0x000075bd40f4b6ac: ;   {metadata(method data for {method} {0x000075bd20079a70} 'internalMemberName' '(Ljava/lang/Object;)Ljava/lang/Object;' in 'java/lang/invoke/DirectMethodHandle')}
  0x000075bd40f4b6ac: 48bb 209b | 8b20 bd75 | 0000 750c | 808b d100 | 0000 01e9 | 9500 0000 | 8b46 0848 | 3b83 e000 
  0x000075bd40f4b6cc: 0000 750d | 4883 83e8 | 0000 0001 | e960 0000 | 0048 3b83 | f000 0000 | 750d 4883 | 83f8 0000 
  0x000075bd40f4b6ec: 0001 e94a | 0000 0048 | 83bb e000 | 0000 0075 | 1748 8983 | e000 0000 | 48c7 83e8 | 0000 0001 
  0x000075bd40f4b70c: 0000 00e9 | 2900 0000 | 4883 bbf0 | 0000 0000 | 7517 4889 | 83f0 0000 | 0048 c783 | f800 0000 
  0x000075bd40f4b72c: 0100 0000 | e908 0000 | 0048 8383 | d800 0000 

  0x000075bd40f4b73c: ;   {metadata('java/lang/invoke/DirectMethodHandle')}
  0x000075bd40f4b73c: 0148 b850 | cb00 7700 | 0000 008b | 5e08 483b | 4340 0f85 | 5801 0000 | e900 0000 | 008b 7e20 
  0x000075bd40f4b75c: ;   {metadata(method data for {method} {0x000075bd2035af80} 'invokeStatic' '(Ljava/lang/Object;Ljava/lang/Object;Ljava/lang/Object;)Ljava/lang/Object;' in 'java/lang/invoke/DirectMethodHandle$Holder')}
  0x000075bd40f4b75c: 48be 48a0 | 8b20 bd75 | 0000 488d | b6f8 0000 | 0048 85ff | 750a f606 | 0175 05f0 | 4883 0e01 
  0x000075bd40f4b77c: ;   {metadata(method data for {method} {0x000075bd2035af80} 'invokeStatic' '(Ljava/lang/Object;Ljava/lang/Object;Ljava/lang/Object;)Ljava/lang/Object;' in 'java/lang/invoke/DirectMethodHandle$Holder')}
  0x000075bd40f4b77c: 48be 48a0 | 8b20 bd75 | 0000 488d | b648 0100 | 0048 85d2 | 750e f646 | 0801 7525 | f048 834e 
  0x000075bd40f4b79c: 0801 eb1d | 8b5a 084c | 8bd3 4833 | 5e08 48f7 | c3fc ffff | ff74 0af6 | c302 7505 | 4883 4e08 
  0x000075bd40f4b7bc: 0248 85c9 | 750e f646 | 1801 7525 | f048 834e | 1801 eb1d | 8b59 084c | 8bd3 4833 | 5e18 48f7 
  0x000075bd40f4b7dc: c3fc ffff | ff74 0af6 | c302 7505 | 4883 4e18 

  0x000075bd40f4b7ec: ;   {metadata(method data for {method} {0x000075bd2035af80} 'invokeStatic' '(Ljava/lang/Object;Ljava/lang/Object;Ljava/lang/Object;)Ljava/lang/Object;' in 'java/lang/invoke/DirectMethodHandle$Holder')}
  0x000075bd40f4b7ec: 0248 be48 | a08b 20bd | 7500 0048 | 8386 3801 | 0000 0148 | 8bf2 488b | d148 8bcf | 0f1f 8000 
  0x000075bd40f4b80c: ;   {static_call}
  0x000075bd40f4b80c: 0000 00e8 

  0x000075bd40f4b810: ; ImmutableOopMap {}
                      ;*invokestatic linkToStatic {reexecute=0 rethrow=0 return_oop=0}
                      ; - java.lang.invoke.DirectMethodHandle$Holder::invokeStatic@11
  0x000075bd40f4b810: 6cf6 ae07 

  0x000075bd40f4b814: ;   {post_call_nop}
  0x000075bd40f4b814: 0f1f 8400 | 8c03 0000 

  0x000075bd40f4b81c: ;   {metadata(method data for {method} {0x000075bd2035af80} 'invokeStatic' '(Ljava/lang/Object;Ljava/lang/Object;Ljava/lang/Object;)Ljava/lang/Object;' in 'java/lang/invoke/DirectMethodHandle$Holder')}
  0x000075bd40f4b81c: 48be 48a0 | 8b20 bd75 | 0000 488d | b668 0100 | 0048 85c0 | 750c f606 | 0175 23f0 | 4883 0e01 
  0x000075bd40f4b83c: eb1c 8b78 | 084c 8bd7 | 4833 3e48 | f7c7 fcff | ffff 740a | 40f6 c702 | 7504 4883 | 0e02 4883 
  0x000075bd40f4b85c: ;   {poll_return}
  0x000075bd40f4b85c: c440 5d49 | 3b67 280f | 8751 0000 

  0x000075bd40f4b868: ;   {metadata({method} {0x000075bd2035af80} 'invokeStatic' '(Ljava/lang/Object;Ljava/lang/Object;Ljava/lang/Object;)Ljava/lang/Object;' in 'java/lang/invoke/DirectMethodHandle$Holder')}
  0x000075bd40f4b868: 00c3 49ba | 80af 3520 | bd75 0000 | 4c89 5424 | 0848 c704 | 24ff ffff 

  0x000075bd40f4b880: ;   {runtime_call C1 Runtime counter_overflow_blob}
  0x000075bd40f4b880: ffe8 5a85 

  0x000075bd40f4b884: ; ImmutableOopMap {rsi=Oop rdx=Oop rcx=Oop }
                      ;*synchronization entry
                      ; - java.lang.invoke.DirectMethodHandle$Holder::invokeStatic@-1
  0x000075bd40f4b884: 4d07 e9a4 

  0x000075bd40f4b888: ;   {metadata({method} {0x000075bd20079a70} 'internalMemberName' '(Ljava/lang/Object;)Ljava/lang/Object;' in 'java/lang/invoke/DirectMethodHandle')}
  0x000075bd40f4b888: fdff ff49 | ba70 9a07 | 20bd 7500 | 004c 8954 | 2408 48c7 | 0424 ffff 

  0x000075bd40f4b8a0: ;   {runtime_call C1 Runtime counter_overflow_blob}
  0x000075bd40f4b8a0: ffff e839 

  0x000075bd40f4b8a4: ; ImmutableOopMap {rsi=Oop rdx=Oop rcx=Oop }
                      ;*synchronization entry
                      ; - java.lang.invoke.DirectMethodHandle::internalMemberName@-1
                      ; - java.lang.invoke.DirectMethodHandle$Holder::invokeStatic@1
  0x000075bd40f4b8a4: 854d 07e9 | fdfd ffff | 4889 3424 

  0x000075bd40f4b8b0: ;   {runtime_call C1 Runtime throw_class_cast_exception_blob}
  0x000075bd40f4b8b0: e8ab 4d4d 

  0x000075bd40f4b8b4: ; ImmutableOopMap {rdx=Oop rcx=Oop }
                      ;*checkcast {reexecute=0 rethrow=0 return_oop=0}
                      ; - java.lang.invoke.DirectMethodHandle::internalMemberName@1
                      ; - java.lang.invoke.DirectMethodHandle$Holder::invokeStatic@1
                      ;   {runtime_call C1 Runtime throw_null_pointer_exception_blob}
  0x000075bd40f4b8b4: 07e8 a625 

  0x000075bd40f4b8b8: ; ImmutableOopMap {rdx=Oop rcx=Oop }
                      ;*getfield member {reexecute=1 rethrow=0 return_oop=0}
                      ; - (reexecute) java.lang.invoke.DirectMethodHandle::internalMemberName@4
                      ; - java.lang.invoke.DirectMethodHandle$Holder::invokeStatic@1
                      ;   {internal_word}
  0x000075bd40f4b8b8: 4d07 49ba | 5fb8 f440 | bd75 0000 | 4d89 9738 

  0x000075bd40f4b8c8: ;   {runtime_call SafepointBlob}
  0x000075bd40f4b8c8: 0500 00e9 | 90e2 3f07 | 498b 87e0 | 0500 0049 | c787 e005 | 0000 0000 | 0000 49c7 | 87e8 0500 
  0x000075bd40f4b8e8: 0000 0000 | 0048 83c4 

  0x000075bd40f4b8f0: ;   {runtime_call C1 Runtime unwind_exception_blob}
  0x000075bd40f4b8f0: 405d e969 | 164d 07f4 
[Stub Code]
  0x000075bd40f4b8f8: ;   {static_stub}
  0x000075bd40f4b8f8: 48bb 0000 | 0000 0000 

  0x000075bd40f4b900: ;   {runtime_call nmethod}
  0x000075bd40f4b900: 0000 e9fb 

  0x000075bd40f4b904: ;   {runtime_call C1 Runtime handle_exception_from_callee_blob}
  0x000075bd40f4b904: ffff ffe8 | 5447 4d07 

  0x000075bd40f4b90c: ;   {external_word}
  0x000075bd40f4b90c: 48bf 3c77 | 365c bd75 | 0000 4883 

  0x000075bd40f4b918: ;   {runtime_call MacroAssembler::debug64(char*, long, long*)}
  0x000075bd40f4b918: e4f0 e8a1 | ecde 1af4 
[Deopt Handler Code]
  0x000075bd40f4b920: ;   {section_word}
  0x000075bd40f4b920: 49ba 20b9 | f440 bd75 | 0000 4152 

  0x000075bd40f4b92c: ;   {runtime_call DeoptimizationBlob}
  0x000075bd40f4b92c: e9af c93f 

  0x000075bd40f4b930: ;   {section_word}
  0x000075bd40f4b930: 0749 ba31 | b9f4 40bd | 7500 0041 

  0x000075bd40f4b93c: ;   {runtime_call DeoptimizationBlob}
  0x000075bd40f4b93c: 52e9 9ec9 | 3f07 f4f4 | f4f4 f4f4 
[/MachCode]


---------------  P R O C E S S  ---------------

Threads class SMR info:
_java_thread_list=0x000075bc380098f0, length=39, elements={
0x000075bd5402e670, 0x000075bd5415d070, 0x000075bd5415e820, 0x000075bd54160250,
0x000075bd54161aa0, 0x000075bd54163250, 0x000075bd54165000, 0x000075bd54166920,
0x000075bd0406a4e0, 0x000075bcf80010f0, 0x000075bcfc0011e0, 0x000075bd5420a220,
0x000075bd5420ca20, 0x000075bcfc1136a0, 0x000075bcf817d570, 0x000075bcf8187590,
0x000075bd545b0a50, 0x000075bd54763b20, 0x000075bd545f27f0, 0x000075bc98029770,
0x000075bc981ef170, 0x000075bd04481f20, 0x000075bd04520b20, 0x000075bcf83a6a90,
0x000075bc981f4410, 0x000075bd547a0580, 0x000075bc9404b600, 0x000075bd548c41d0,
0x000075bd54991a80, 0x000075bd54992d60, 0x000075bd54ba2230, 0x000075bc54021670,
0x000075bd54dcded0, 0x000075bd54721460, 0x000075bc54022b60, 0x000075bd55136a10,
0x000075bd55210a80, 0x000075bc38005e70, 0x000075bc38008560
}

Java Threads: ( => current thread )
=>0x000075bd5402e670 JavaThread "main"                              [_thread_in_native, id=266282, stack(0x000075bd5aeee000,0x000075bd5afee000) (1024K)]
  0x000075bd5415d070 JavaThread "Reference Handler"          daemon [_thread_blocked, id=266290, stack(0x000075bd4038e000,0x000075bd4048e000) (1024K)]
  0x000075bd5415e820 JavaThread "Finalizer"                  daemon [_thread_blocked, id=266291, stack(0x000075bd4028e000,0x000075bd4038e000) (1024K)]
  0x000075bd54160250 JavaThread "Signal Dispatcher"          daemon [_thread_blocked, id=266292, stack(0x000075bd4018e000,0x000075bd4028e000) (1024K)]
  0x000075bd54161aa0 JavaThread "Service Thread"             daemon [_thread_blocked, id=266293, stack(0x000075bd4008e000,0x000075bd4018e000) (1024K)]
  0x000075bd54163250 JavaThread "Monitor Deflation Thread"   daemon [_thread_blocked, id=266294, stack(0x000075bd31f00000,0x000075bd32000000) (1024K)]
  0x000075bd54165000 JavaThread "C2 CompilerThread0"         daemon [_thread_blocked, id=266295, stack(0x000075bd31b00000,0x000075bd31c00000) (1024K)]
  0x000075bd54166920 JavaThread "C1 CompilerThread0"         daemon [_thread_blocked, id=266296, stack(0x000075bd31a00000,0x000075bd31b00000) (1024K)]
  0x000075bd0406a4e0 JavaThread "C1 CompilerThread1"         daemon [_thread_blocked, id=266297, stack(0x000075bd31900000,0x000075bd31a00000) (1024K)]
  0x000075bcf80010f0 JavaThread "C1 CompilerThread2"         daemon [_thread_blocked, id=266298, stack(0x000075bd31800000,0x000075bd31900000) (1024K)]
  0x000075bcfc0011e0 JavaThread "C1 CompilerThread3"         daemon [_thread_blocked, id=266299, stack(0x000075bd31700000,0x000075bd31800000) (1024K)]
  0x000075bd5420a220 JavaThread "Notification Thread"        daemon [_thread_blocked, id=266300, stack(0x000075bd31600000,0x000075bd31700000) (1024K)]
  0x000075bd5420ca20 JavaThread "Common-Cleaner"             daemon [_thread_blocked, id=266301, stack(0x000075bd31500000,0x000075bd31600000) (1024K)]
  0x000075bcfc1136a0 JavaThread "C2 CompilerThread1"         daemon [_thread_blocked, id=266308, stack(0x000075bcec0a3000,0x000075bcec1a3000) (1024K)]
  0x000075bcf817d570 JavaThread "C2 CompilerThread2"         daemon [_thread_blocked, id=266309, stack(0x000075bccbf00000,0x000075bccc000000) (1024K)]
  0x000075bcf8187590 JavaThread "C2 CompilerThread3"         daemon [_thread_blocked, id=266310, stack(0x000075bccbe00000,0x000075bccbf00000) (1024K)]
  0x000075bd545b0a50 JavaThread "Active Thread: Equinox Container: 4cce765c-ffc3-4ab6-a329-d95d6f0dd797"        [_thread_blocked, id=266311, stack(0x000075bccbd00000,0x000075bccbe00000) (1024K)]
  0x000075bd54763b20 JavaThread "Framework Event Dispatcher: Equinox Container: 4cce765c-ffc3-4ab6-a329-d95d6f0dd797" daemon [_thread_blocked, id=266320, stack(0x000075bccb3f8000,0x000075bccb4f8000) (1024K)]
  0x000075bd545f27f0 JavaThread "Start Level: Equinox Container: 4cce765c-ffc3-4ab6-a329-d95d6f0dd797" daemon [_thread_blocked, id=266321, stack(0x000075bccb2f8000,0x000075bccb3f8000) (1024K)]
  0x000075bc98029770 JavaThread "SCR Component Actor"        daemon [_thread_blocked, id=266322, stack(0x000075bccb1f8000,0x000075bccb2f8000) (1024K)]
  0x000075bc981ef170 JavaThread "Bundle File Closer"         daemon [_thread_blocked, id=266323, stack(0x000075bccb0f8000,0x000075bccb1f8000) (1024K)]
  0x000075bd04481f20 JavaThread "C2 CompilerThread4"         daemon [_thread_blocked, id=266328, stack(0x000075bccabf4000,0x000075bccacf4000) (1024K)]
  0x000075bd04520b20 JavaThread "C2 CompilerThread5"         daemon [_thread_blocked, id=266329, stack(0x000075bccaaf4000,0x000075bccabf4000) (1024K)]
  0x000075bcf83a6a90 JavaThread "C2 CompilerThread6"         daemon [_thread_blocked, id=266330, stack(0x000075bcca9f4000,0x000075bccaaf4000) (1024K)]
  0x000075bc981f4410 JavaThread "EMF Reference Cleaner"      daemon [_thread_blocked, id=266333, stack(0x000075bcca6f2000,0x000075bcca7f2000) (1024K)]
  0x000075bd547a0580 JavaThread "Gogo shell"                        [_thread_blocked, id=266334, stack(0x000075bcca5f2000,0x000075bcca6f2000) (1024K)]
  0x000075bc9404b600 JavaThread "Worker-JM"                         [_thread_blocked, id=266337, stack(0x000075bcca4f2000,0x000075bcca5f2000) (1024K)]
  0x000075bd548c41d0 JavaThread "Worker-0"                          [_thread_blocked, id=266338, stack(0x000075bcca3f2000,0x000075bcca4f2000) (1024K)]
  0x000075bd54991a80 JavaThread "Java2D Disposer"            daemon [_thread_blocked, id=266339, stack(0x000075bcc9e9d000,0x000075bcc9f9d000) (1024K)]
  0x000075bd54992d60 JavaThread "AWT-XAWT"                   daemon [_thread_in_native, id=266340, stack(0x000075bcc9d9d000,0x000075bcc9e9d000) (1024K)]
  0x000075bd54ba2230 JavaThread "Database navigator events processor"        [_thread_blocked, id=266341, stack(0x000075bcc9c9d000,0x000075bcc9d9d000) (1024K)]
  0x000075bc54021670 JavaThread "Worker-2"                          [_thread_blocked, id=266342, stack(0x000075bcc9900000,0x000075bcc9a00000) (1024K)]
  0x000075bd54dcded0 JavaThread "idle-timeout-task"          daemon [_thread_blocked, id=266344, stack(0x000075bcc8e67000,0x000075bcc8f67000) (1024K)]
  0x000075bd54721460 JavaThread "HTTP-Dispatcher"                   [_thread_in_native, id=266345, stack(0x000075bcc8d67000,0x000075bcc8e67000) (1024K)]
  0x000075bc54022b60 JavaThread "Worker-3"                          [_thread_blocked, id=266346, stack(0x000075bcc8c67000,0x000075bcc8d67000) (1024K)]
  0x000075bd55136a10 JavaThread "SWTResourceTracker"         daemon [_thread_blocked, id=266349, stack(0x000075bcc8b67000,0x000075bcc8c67000) (1024K)]
  0x000075bd55210a80 JavaThread "EventAdmin Async Event Dispatcher Thread" daemon [_thread_blocked, id=266351, stack(0x000075bcc886c000,0x000075bcc896c000) (1024K)]
  0x000075bc38005e70 JavaThread "pool-2-thread-1"                   [_thread_blocked, id=266352, stack(0x000075bcc876c000,0x000075bcc886c000) (1024K)]
  0x000075bc38008560 JavaThread "pool-3-thread-1"                   [_thread_blocked, id=266353, stack(0x000075bcc866c000,0x000075bcc876c000) (1024K)]
Total: 39

Other Threads:
  0x000075bd54127040 VMThread "VM Thread"                           [id=266289, stack(0x000075bd4048f000,0x000075bd4058f000) (1024K)]
  0x000075bd540eb270 WatcherThread "VM Periodic Task Thread"        [id=266288, stack(0x000075bd40590000,0x000075bd40690000) (1024K)]
  0x000075bd54072360 WorkerThread "GC Thread#0"                     [id=266283, stack(0x000075bd59e54000,0x000075bd59f54000) (1024K)]
  0x000075bd18008e20 WorkerThread "GC Thread#1"                     [id=266312, stack(0x000075bccbc00000,0x000075bccbd00000) (1024K)]
  0x000075bd18009af0 WorkerThread "GC Thread#2"                     [id=266313, stack(0x000075bccbaff000,0x000075bccbbff000) (1024K)]
  0x000075bd1800a870 WorkerThread "GC Thread#3"                     [id=266314, stack(0x000075bccb9fe000,0x000075bccbafe000) (1024K)]
  0x000075bd18010b30 WorkerThread "GC Thread#4"                     [id=266315, stack(0x000075bccb8fd000,0x000075bccb9fd000) (1024K)]
  0x000075bd18011720 WorkerThread "GC Thread#5"                     [id=266316, stack(0x000075bccb7fc000,0x000075bccb8fc000) (1024K)]
  0x000075bd180124e0 WorkerThread "GC Thread#6"                     [id=266317, stack(0x000075bccb6fb000,0x000075bccb7fb000) (1024K)]
  0x000075bd180136a0 WorkerThread "GC Thread#7"                     [id=266318, stack(0x000075bccb5fa000,0x000075bccb6fa000) (1024K)]
  0x000075bd18014860 WorkerThread "GC Thread#8"                     [id=266319, stack(0x000075bccb4f9000,0x000075bccb5f9000) (1024K)]
  0x000075bd1800fbb0 WorkerThread "GC Thread#9"                     [id=266324, stack(0x000075bccaff8000,0x000075bccb0f8000) (1024K)]
  0x000075bd18016e20 WorkerThread "GC Thread#10"                    [id=266325, stack(0x000075bccaef7000,0x000075bccaff7000) (1024K)]
  0x000075bd18017ab0 WorkerThread "GC Thread#11"                    [id=266326, stack(0x000075bccadf6000,0x000075bccaef6000) (1024K)]
  0x000075bd18018830 WorkerThread "GC Thread#12"                    [id=266327, stack(0x000075bccacf5000,0x000075bccadf5000) (1024K)]
  0x000075bd5407fc20 ConcurrentGCThread "G1 Main Marker"            [id=266284, stack(0x000075bd58900000,0x000075bd58a00000) (1024K)]
  0x000075bd54080df0 WorkerThread "G1 Conc#0"                       [id=266285, stack(0x000075bd587ff000,0x000075bd588ff000) (1024K)]
  0x000075bd34000d40 WorkerThread "G1 Conc#1"                       [id=266331, stack(0x000075bcca8f4000,0x000075bcca9f4000) (1024K)]
  0x000075bd34001aa0 WorkerThread "G1 Conc#2"                       [id=266332, stack(0x000075bcca7f3000,0x000075bcca8f3000) (1024K)]
  0x000075bd540ddbe0 ConcurrentGCThread "G1 Refine#0"               [id=266286, stack(0x000075bd40792000,0x000075bd40892000) (1024K)]
  0x000075bd540dedd0 ConcurrentGCThread "G1 Service"                [id=266287, stack(0x000075bd40691000,0x000075bd40791000) (1024K)]
Total: 21

Threads with active compile tasks:
Total: 0

VM state: not at safepoint (normal execution)

VM Mutex/Monitor currently owned by a thread: None

Heap address: 0x00000000c0000000, size: 1024 MB, Compressed Oops mode: 32-bit

CDS archive(s) not mapped
Compressed class space mapped at: 0x0000000077000000-0x00000000b7000000, reserved size: 1073741824
UseCompressedClassPointers 1, UseCompactObjectHeaders 0
Narrow klass pointer bits 32, Max shift 3
Narrow klass base: 0x0000000000000000, Narrow klass shift: 0
Encoding Range: [0x0000000000000000 - 0x0000000100000000), (4294967296 bytes)
Klass Range:    [0x0000000077000000 - 0x00000000b7000000), (1073741824 bytes)
Klass ID Range:  [1996488704 - 3070230521) (1073741817)
No protection zone.

GC Precious Log:
 CardTable entry size: 512
 Card Set container configuration: InlinePtr #cards 5 size 8 Array Of Cards #cards 10 size 36 Howl #buckets 4 coarsen threshold 1843 Howl Bitmap #cards 512 size 80 coarsen threshold 460 Card regions per heap region 1 cards per card region 2048
 CPUs: 16 total, 16 available
 Memory: 23154M
 Large Page Support: Disabled
 NUMA Support: Disabled
 Compressed Oops: Enabled (32-bit)
 Heap Region Size: 1M
 Heap Min Capacity: 64M
 Heap Initial Capacity: 64M
 Heap Max Capacity: 1G
 Pre-touch: Disabled
 Parallel Workers: 13
 Concurrent Workers: 3
 Concurrent Refinement Workers: 13
 Periodic GC: Disabled

Heap:
 garbage-first heap   total reserved 1048576K, committed 86016K, used 37954K [0x00000000c0000000, 0x0000000100000000)
  region size 1024K, 8 young (8192K), 6 survivors (6144K)

Heap Regions: E=young(eden), S=young(survivor), O=old, HS=humongous(starts), HC=humongous(continues), CS=collection set, F=free, TAMS=top-at-mark-start, PB=parsable bottom
|   0|0x00000000c0000000, 0x00000000c0100000, 0x00000000c0100000|100%| O|  |TAMS 0x00000000c0000000| PB 0x00000000c0000000| Untracked |  0
|   1|0x00000000c0100000, 0x00000000c0200000, 0x00000000c0200000|100%| O|  |TAMS 0x00000000c0100000| PB 0x00000000c0100000| Untracked |  0
|   2|0x00000000c0200000, 0x00000000c0300000, 0x00000000c0300000|100%| O|  |TAMS 0x00000000c0200000| PB 0x00000000c0200000| Untracked |  0
|   3|0x00000000c0300000, 0x00000000c0400000, 0x00000000c0400000|100%| O|  |TAMS 0x00000000c0300000| PB 0x00000000c0300000| Untracked |  0
|   4|0x00000000c0400000, 0x00000000c0500000, 0x00000000c0500000|100%| O|  |TAMS 0x00000000c0400000| PB 0x00000000c0400000| Untracked |  0
|   5|0x00000000c0500000, 0x00000000c0600000, 0x00000000c0600000|100%| O|  |TAMS 0x00000000c0500000| PB 0x00000000c0500000| Untracked |  0
|   6|0x00000000c0600000, 0x00000000c0700000, 0x00000000c0700000|100%| O|  |TAMS 0x00000000c0600000| PB 0x00000000c0600000| Untracked |  0
|   7|0x00000000c0700000, 0x00000000c0800000, 0x00000000c0800000|100%| O|  |TAMS 0x00000000c0700000| PB 0x00000000c0700000| Untracked |  0
|   8|0x00000000c0800000, 0x00000000c0900000, 0x00000000c0900000|100%| O|  |TAMS 0x00000000c0800000| PB 0x00000000c0800000| Untracked |  0
|   9|0x00000000c0900000, 0x00000000c0a00000, 0x00000000c0a00000|100%|HS|  |TAMS 0x00000000c0900000| PB 0x00000000c0900000| Complete |  0
|  10|0x00000000c0a00000, 0x00000000c0b00000, 0x00000000c0b00000|100%| O|  |TAMS 0x00000000c0a00000| PB 0x00000000c0a00000| Untracked |  0
|  11|0x00000000c0b00000, 0x00000000c0c00000, 0x00000000c0c00000|100%| O|  |TAMS 0x00000000c0b00000| PB 0x00000000c0b00000| Untracked |  0
|  12|0x00000000c0c00000, 0x00000000c0d00000, 0x00000000c0d00000|100%| O|  |TAMS 0x00000000c0c00000| PB 0x00000000c0c00000| Untracked |  0
|  13|0x00000000c0d00000, 0x00000000c0e00000, 0x00000000c0e00000|100%| O|  |TAMS 0x00000000c0d00000| PB 0x00000000c0d00000| Untracked |  0
|  14|0x00000000c0e00000, 0x00000000c0f00000, 0x00000000c0f00000|100%| O|  |TAMS 0x00000000c0e00000| PB 0x00000000c0e00000| Untracked |  0
|  15|0x00000000c0f00000, 0x00000000c1000000, 0x00000000c1000000|100%| O|  |TAMS 0x00000000c0f00000| PB 0x00000000c0f00000| Untracked |  0
|  16|0x00000000c1000000, 0x00000000c1100000, 0x00000000c1100000|100%| O|  |TAMS 0x00000000c1000000| PB 0x00000000c1000000| Untracked |  0
|  17|0x00000000c1100000, 0x00000000c1200000, 0x00000000c1200000|100%| O|  |TAMS 0x00000000c1100000| PB 0x00000000c1100000| Untracked |  0
|  18|0x00000000c1200000, 0x00000000c1200000, 0x00000000c1300000|  0%| F|  |TAMS 0x00000000c1200000| PB 0x00000000c1200000| Untracked |  0
|  19|0x00000000c1300000, 0x00000000c1400000, 0x00000000c1400000|100%| O|  |TAMS 0x00000000c1300000| PB 0x00000000c1300000| Untracked |  0
|  20|0x00000000c1400000, 0x00000000c1500000, 0x00000000c1500000|100%| O|  |TAMS 0x00000000c1400000| PB 0x00000000c1400000| Untracked |  0
|  21|0x00000000c1500000, 0x00000000c1600000, 0x00000000c1600000|100%| O|  |TAMS 0x00000000c1500000| PB 0x00000000c1500000| Untracked |  0
|  22|0x00000000c1600000, 0x00000000c1600000, 0x00000000c1700000|  0%| F|  |TAMS 0x00000000c1600000| PB 0x00000000c1600000| Untracked |  0
|  23|0x00000000c1700000, 0x00000000c1800000, 0x00000000c1800000|100%| O|  |TAMS 0x00000000c1700000| PB 0x00000000c1700000| Untracked |  0
|  24|0x00000000c1800000, 0x00000000c1800000, 0x00000000c1900000|  0%| F|  |TAMS 0x00000000c1800000| PB 0x00000000c1800000| Untracked |  0
|  25|0x00000000c1900000, 0x00000000c1900000, 0x00000000c1a00000|  0%| F|  |TAMS 0x00000000c1900000| PB 0x00000000c1900000| Untracked |  0
|  26|0x00000000c1a00000, 0x00000000c1a00000, 0x00000000c1b00000|  0%| F|  |TAMS 0x00000000c1a00000| PB 0x00000000c1a00000| Untracked |  0
|  27|0x00000000c1b00000, 0x00000000c1c00000, 0x00000000c1c00000|100%| O|  |TAMS 0x00000000c1b00000| PB 0x00000000c1b00000| Untracked |  0
|  28|0x00000000c1c00000, 0x00000000c1c00000, 0x00000000c1d00000|  0%| F|  |TAMS 0x00000000c1c00000| PB 0x00000000c1c00000| Untracked |  0
|  29|0x00000000c1d00000, 0x00000000c1d00000, 0x00000000c1e00000|  0%| F|  |TAMS 0x00000000c1d00000| PB 0x00000000c1d00000| Untracked |  0
|  30|0x00000000c1e00000, 0x00000000c1e00000, 0x00000000c1f00000|  0%| F|  |TAMS 0x00000000c1e00000| PB 0x00000000c1e00000| Untracked |  0
|  31|0x00000000c1f00000, 0x00000000c1f00000, 0x00000000c2000000|  0%| F|  |TAMS 0x00000000c1f00000| PB 0x00000000c1f00000| Untracked |  0
|  32|0x00000000c2000000, 0x00000000c2000000, 0x00000000c2100000|  0%| F|  |TAMS 0x00000000c2000000| PB 0x00000000c2000000| Untracked |  0
|  33|0x00000000c2100000, 0x00000000c2100000, 0x00000000c2200000|  0%| F|  |TAMS 0x00000000c2100000| PB 0x00000000c2100000| Untracked |  0
|  34|0x00000000c2200000, 0x00000000c2300000, 0x00000000c2300000|100%| O|  |TAMS 0x00000000c2200000| PB 0x00000000c2200000| Untracked |  0
|  35|0x00000000c2300000, 0x00000000c2400000, 0x00000000c2400000|100%| O|  |TAMS 0x00000000c2300000| PB 0x00000000c2300000| Untracked |  0
|  36|0x00000000c2400000, 0x00000000c2500000, 0x00000000c2500000|100%| O|  |TAMS 0x00000000c2400000| PB 0x00000000c2400000| Untracked |  0
|  37|0x00000000c2500000, 0x00000000c2600000, 0x00000000c2600000|100%| O|  |TAMS 0x00000000c2500000| PB 0x00000000c2500000| Untracked |  0
|  38|0x00000000c2600000, 0x00000000c2700000, 0x00000000c2700000|100%| S|CS|TAMS 0x00000000c2600000| PB 0x00000000c2600000| Complete |  0
|  39|0x00000000c2700000, 0x00000000c2800000, 0x00000000c2800000|100%| S|CS|TAMS 0x00000000c2700000| PB 0x00000000c2700000| Complete |  0
|  40|0x00000000c2800000, 0x00000000c2900000, 0x00000000c2900000|100%| S|CS|TAMS 0x00000000c2800000| PB 0x00000000c2800000| Complete |  0
|  41|0x00000000c2900000, 0x00000000c2a00000, 0x00000000c2a00000|100%| S|CS|TAMS 0x00000000c2900000| PB 0x00000000c2900000| Complete |  0
|  42|0x00000000c2a00000, 0x00000000c2a00000, 0x00000000c2b00000|  0%| F|  |TAMS 0x00000000c2a00000| PB 0x00000000c2a00000| Untracked |  0
|  43|0x00000000c2b00000, 0x00000000c2b00000, 0x00000000c2c00000|  0%| F|  |TAMS 0x00000000c2b00000| PB 0x00000000c2b00000| Untracked |  0
|  44|0x00000000c2c00000, 0x00000000c2c00000, 0x00000000c2d00000|  0%| F|  |TAMS 0x00000000c2c00000| PB 0x00000000c2c00000| Untracked |  0
|  45|0x00000000c2d00000, 0x00000000c2d00000, 0x00000000c2e00000|  0%| F|  |TAMS 0x00000000c2d00000| PB 0x00000000c2d00000| Untracked |  0
|  46|0x00000000c2e00000, 0x00000000c2e00000, 0x00000000c2f00000|  0%| F|  |TAMS 0x00000000c2e00000| PB 0x00000000c2e00000| Untracked |  0
|  47|0x00000000c2f00000, 0x00000000c2f00000, 0x00000000c3000000|  0%| F|  |TAMS 0x00000000c2f00000| PB 0x00000000c2f00000| Untracked |  0
|  48|0x00000000c3000000, 0x00000000c3000000, 0x00000000c3100000|  0%| F|  |TAMS 0x00000000c3000000| PB 0x00000000c3000000| Untracked |  0
|  49|0x00000000c3100000, 0x00000000c3100000, 0x00000000c3200000|  0%| F|  |TAMS 0x00000000c3100000| PB 0x00000000c3100000| Untracked |  0
|  50|0x00000000c3200000, 0x00000000c3200000, 0x00000000c3300000|  0%| F|  |TAMS 0x00000000c3200000| PB 0x00000000c3200000| Untracked |  0
|  51|0x00000000c3300000, 0x00000000c3300000, 0x00000000c3400000|  0%| F|  |TAMS 0x00000000c3300000| PB 0x00000000c3300000| Untracked |  0
|  52|0x00000000c3400000, 0x00000000c3400000, 0x00000000c3500000|  0%| F|  |TAMS 0x00000000c3400000| PB 0x00000000c3400000| Untracked |  0
|  53|0x00000000c3500000, 0x00000000c3500000, 0x00000000c3600000|  0%| F|  |TAMS 0x00000000c3500000| PB 0x00000000c3500000| Untracked |  0
|  54|0x00000000c3600000, 0x00000000c3600000, 0x00000000c3700000|  0%| F|  |TAMS 0x00000000c3600000| PB 0x00000000c3600000| Untracked |  0
|  55|0x00000000c3700000, 0x00000000c3700000, 0x00000000c3800000|  0%| F|  |TAMS 0x00000000c3700000| PB 0x00000000c3700000| Untracked |  0
|  56|0x00000000c3800000, 0x00000000c3800000, 0x00000000c3900000|  0%| F|  |TAMS 0x00000000c3800000| PB 0x00000000c3800000| Untracked |  0
|  57|0x00000000c3900000, 0x00000000c3900000, 0x00000000c3a00000|  0%| F|  |TAMS 0x00000000c3900000| PB 0x00000000c3900000| Untracked |  0
|  58|0x00000000c3a00000, 0x00000000c3a00000, 0x00000000c3b00000|  0%| F|  |TAMS 0x00000000c3a00000| PB 0x00000000c3a00000| Untracked |  0
|  59|0x00000000c3b00000, 0x00000000c3b00000, 0x00000000c3c00000|  0%| F|  |TAMS 0x00000000c3b00000| PB 0x00000000c3b00000| Untracked |  0
|  60|0x00000000c3c00000, 0x00000000c3c00000, 0x00000000c3d00000|  0%| F|  |TAMS 0x00000000c3c00000| PB 0x00000000c3c00000| Untracked |  0
|  61|0x00000000c3d00000, 0x00000000c3d00000, 0x00000000c3e00000|  0%| F|  |TAMS 0x00000000c3d00000| PB 0x00000000c3d00000| Untracked |  0
|  62|0x00000000c3e00000, 0x00000000c3e00000, 0x00000000c3f00000|  0%| F|  |TAMS 0x00000000c3e00000| PB 0x00000000c3e00000| Untracked |  0
|  63|0x00000000c3f00000, 0x00000000c3f00000, 0x00000000c4000000|  0%| F|  |TAMS 0x00000000c3f00000| PB 0x00000000c3f00000| Untracked |  0
|  64|0x00000000c4000000, 0x00000000c4000000, 0x00000000c4100000|  0%| F|  |TAMS 0x00000000c4000000| PB 0x00000000c4000000| Untracked |  0
|  65|0x00000000c4100000, 0x00000000c4100000, 0x00000000c4200000|  0%| F|  |TAMS 0x00000000c4100000| PB 0x00000000c4100000| Untracked |  0
|  66|0x00000000c4200000, 0x00000000c4200000, 0x00000000c4300000|  0%| F|  |TAMS 0x00000000c4200000| PB 0x00000000c4200000| Untracked |  0
|  67|0x00000000c4300000, 0x00000000c4300000, 0x00000000c4400000|  0%| F|  |TAMS 0x00000000c4300000| PB 0x00000000c4300000| Untracked |  0
|  68|0x00000000c4400000, 0x00000000c4400000, 0x00000000c4500000|  0%| F|  |TAMS 0x00000000c4400000| PB 0x00000000c4400000| Untracked |  0
|  69|0x00000000c4500000, 0x00000000c4500000, 0x00000000c4600000|  0%| F|  |TAMS 0x00000000c4500000| PB 0x00000000c4500000| Untracked |  0
|  70|0x00000000c4600000, 0x00000000c4600000, 0x00000000c4700000|  0%| F|  |TAMS 0x00000000c4600000| PB 0x00000000c4600000| Untracked |  0
|  71|0x00000000c4700000, 0x00000000c4700000, 0x00000000c4800000|  0%| F|  |TAMS 0x00000000c4700000| PB 0x00000000c4700000| Untracked |  0
|  72|0x00000000c4800000, 0x00000000c4800000, 0x00000000c4900000|  0%| F|  |TAMS 0x00000000c4800000| PB 0x00000000c4800000| Untracked |  0
|  73|0x00000000c4900000, 0x00000000c4900000, 0x00000000c4a00000|  0%| F|  |TAMS 0x00000000c4900000| PB 0x00000000c4900000| Untracked |  0
|  74|0x00000000c4a00000, 0x00000000c4a00000, 0x00000000c4b00000|  0%| F|  |TAMS 0x00000000c4a00000| PB 0x00000000c4a00000| Untracked |  0
|  75|0x00000000c4b00000, 0x00000000c4b00000, 0x00000000c4c00000|  0%| F|  |TAMS 0x00000000c4b00000| PB 0x00000000c4b00000| Untracked |  0
|  76|0x00000000c4c00000, 0x00000000c4c89378, 0x00000000c4d00000| 53%| E|  |TAMS 0x00000000c4c00000| PB 0x00000000c4c00000| Complete |  0
|  77|0x00000000c4d00000, 0x00000000c4e00000, 0x00000000c4e00000|100%| E|CS|TAMS 0x00000000c4d00000| PB 0x00000000c4d00000| Complete |  0
|  78|0x00000000c4e00000, 0x00000000c4f00000, 0x00000000c4f00000|100%| S|CS|TAMS 0x00000000c4e00000| PB 0x00000000c4e00000| Complete |  0
|  79|0x00000000c4f00000, 0x00000000c5000000, 0x00000000c5000000|100%| S|CS|TAMS 0x00000000c4f00000| PB 0x00000000c4f00000| Complete |  0
|1020|0x00000000ffc00000, 0x00000000ffc10ac0, 0x00000000ffd00000|  6%| O|  |TAMS 0x00000000ffc00000| PB 0x00000000ffc00000| Untracked |  0
|1021|0x00000000ffd00000, 0x00000000ffe00000, 0x00000000ffe00000|100%| O|  |TAMS 0x00000000ffd00000| PB 0x00000000ffd00000| Untracked |  0
|1022|0x00000000ffe00000, 0x00000000fff00000, 0x00000000fff00000|100%| O|  |TAMS 0x00000000ffe00000| PB 0x00000000ffe00000| Untracked |  0
|1023|0x00000000fff00000, 0x0000000100000000, 0x0000000100000000|100%| O|  |TAMS 0x00000000fff00000| PB 0x00000000fff00000| Untracked |  0

Card table byte_map: [0x000075bd59a00000,0x000075bd59c00000] _byte_map_base: 0x000075bd59400000

Marking Bits: (CMBitMap*) 0x000075bd540730b0
 Bits: [0x000075bd58a00000, 0x000075bd59a00000)

Polling page: 0x000075bd5cb7e000

Metaspace:
Metaspace        used 54314K, committed 55616K, reserved 1114112K
 class space     used 6337K, committed 6912K, reserved 1048576K

Usage:
  Non-class:     46,85 MB used.
      Class:      6,19 MB used.
       Both:     53,04 MB used.

Virtual space:
  Non-class space:       64,00 MB reserved,      47,56 MB ( 74%) committed,  1 nodes.
      Class space:        1,00 GB reserved,       6,75 MB ( <1%) committed,  1 nodes.
             Both:        1,06 GB reserved,      54,31 MB (  5%) committed. 

Chunk freelists:
   Non-Class:  15,52 MB
       Class:  9,16 MB
        Both:  24,67 MB

MaxMetaspaceSize: unlimited
CompressedClassSpaceSize: 1,00 GB
Initial GC threshold: 21,00 MB
Current GC threshold: 59,38 MB
CDS: off
 - commit_granule_bytes: 65536.
 - commit_granule_words: 8192.
 - virtual_space_node_default_size: 8388608.
 - enlarge_chunks_in_place: 1.
UseCompressedClassPointers 1, UseCompactObjectHeaders 0
Narrow klass pointer bits 32, Max shift 3
Narrow klass base: 0x0000000000000000, Narrow klass shift: 0
Encoding Range: [0x0000000000000000 - 0x0000000100000000), (4294967296 bytes)
Klass Range:    [0x0000000077000000 - 0x00000000b7000000), (1073741824 bytes)
Klass ID Range:  [1996488704 - 3070230521) (1073741817)
No protection zone.


Internal statistics:

num_allocs_failed_limit: 9.
num_arena_births: 606.
num_arena_deaths: 0.
num_vsnodes_births: 2.
num_vsnodes_deaths: 0.
num_space_committed: 869.
num_space_uncommitted: 0.
num_chunks_returned_to_freelist: 9.
num_chunks_taken_from_freelist: 2662.
num_chunk_merges: 9.
num_chunk_splits: 1660.
num_chunks_enlarged: 985.
num_inconsistent_stats: 0.

CodeHeap 'non-profiled nmethods': size=119168Kb used=2784Kb max_used=2784Kb free=116383Kb
 bounds [0x000075bd48a39000, 0x000075bd48cf9000, 0x000075bd4fe99000]
CodeHeap 'profiled nmethods': size=119168Kb used=11159Kb max_used=11159Kb free=108008Kb
 bounds [0x000075bd40e98000, 0x000075bd41988000, 0x000075bd482f8000]
CodeHeap 'non-nmethods': size=7428Kb used=3793Kb max_used=3919Kb free=3634Kb
 bounds [0x000075bd482f8000, 0x000075bd486e8000, 0x000075bd48a39000]
CodeCache: size=245764Kb, used=17736Kb, max_used=17862Kb, free=228025Kb
 total_blobs=7693, nmethods=6792, adapters=802, full_count=0
Compilation: enabled, stopped_count=0, restarted_count=0

Compilation events (20 events):
Event: 1,840 Thread 0x000075bd04520b20 nmethod 7323 0x000075bd48cefc88 code [0x000075bd48cefd80, 0x000075bd48cf0160]
Event: 1,841 Thread 0x000075bcfc0011e0 7326       3       jdk.internal.classfile.impl.UnboundAttribute$AdHocAttribute::writeTo (49 bytes)
Event: 1,841 Thread 0x000075bcfc0011e0 nmethod 7326 0x000075bd4197b308 code [0x000075bd4197b400, 0x000075bd4197bf78]
Event: 1,842 Thread 0x000075bd54166920 7327       3       java.lang.invoke.MethodType::methodType (100 bytes)
Event: 1,842 Thread 0x000075bd0406a4e0 7328       3       java.lang.invoke.BoundMethodHandle$Species_LLL::make (14 bytes)
Event: 1,842 Thread 0x000075bcf80010f0 7329       3       java.lang.invoke.BoundMethodHandle$Species_LLL::<init> (24 bytes)
Event: 1,842 Thread 0x000075bcfc0011e0 7330       3       org.eclipse.e4.core.commands.ExpressionContext::<init> (10 bytes)
Event: 1,842 Thread 0x000075bd0406a4e0 nmethod 7328 0x000075bd4197bf88 code [0x000075bd4197c080, 0x000075bd4197c3a8]
Event: 1,842 Thread 0x000075bcfc0011e0 nmethod 7330 0x000075bd4197c408 code [0x000075bd4197c500, 0x000075bd4197c6a8]
Event: 1,842 Thread 0x000075bcf80010f0 nmethod 7329 0x000075bd4197c708 code [0x000075bd4197c800, 0x000075bd4197cae8]
Event: 1,842 Thread 0x000075bd54166920 nmethod 7327 0x000075bd4197cb08 code [0x000075bd4197cc00, 0x000075bd4197d340]
Event: 1,844 Thread 0x000075bd0406a4e0 7331       3       org.eclipse.core.expressions.CompositeExpression::<init> (5 bytes)
Event: 1,844 Thread 0x000075bd0406a4e0 nmethod 7331 0x000075bd4197d388 code [0x000075bd4197d480, 0x000075bd4197d640]
Event: 1,844 Thread 0x000075bcfc0011e0 7332       3       org.eclipse.swt.widgets.EventTable::hooks (47 bytes)
Event: 1,844 Thread 0x000075bcf80010f0 7333       3       org.eclipse.core.commands.ParameterizedCommand::getId (8 bytes)
Event: 1,844 Thread 0x000075bcfc0011e0 nmethod 7332 0x000075bd4197d688 code [0x000075bd4197d780, 0x000075bd4197da00]
Event: 1,844 Thread 0x000075bcf80010f0 nmethod 7333 0x000075bd4197da88 code [0x000075bd4197db80, 0x000075bd4197dd18]
Event: 1,845 Thread 0x000075bcf8187590 7334       4       org.eclipse.core.internal.registry.ConfigurationElementHandle::getChildren (174 bytes)
Event: 1,846 Thread 0x000075bd04481f20 7335       4       java.lang.ref.ReferenceQueue::poll0 (65 bytes)
Event: 1,846 Thread 0x000075bd04481f20 nmethod 7335 0x000075bd48cf0188 code [0x000075bd48cf0280, 0x000075bd48cf0700]

GC Heap Usage History (20 events):
Event: 0,465 {heap Before GC invocations=1 (full 0):
 garbage-first heap   total reserved 1048576K, committed 65536K, used 31796K [0x00000000c0000000, 0x0000000100000000)
  region size 1024K, 28 young (28672K), 5 survivors (5120K)
}
Event: 0,469 {heap After GC invocations=2 (full 0):
 garbage-first heap   total reserved 1048576K, committed 65536K, used 12371K [0x00000000c0000000, 0x0000000100000000)
  region size 1024K, 4 young (4096K), 4 survivors (4096K)
}
Event: 0,610 {heap Before GC invocations=2 (full 0):
 garbage-first heap   total reserved 1048576K, committed 65536K, used 38995K [0x00000000c0000000, 0x0000000100000000)
  region size 1024K, 30 young (30720K), 4 survivors (4096K)
}
Event: 0,614 {heap After GC invocations=3 (full 0):
 garbage-first heap   total reserved 1048576K, committed 65536K, used 16251K [0x00000000c0000000, 0x0000000100000000)
  region size 1024K, 4 young (4096K), 4 survivors (4096K)
}
Event: 0,676 {heap Before GC invocations=3 (full 0):
 garbage-first heap   total reserved 1048576K, committed 65536K, used 24443K [0x00000000c0000000, 0x0000000100000000)
  region size 1024K, 13 young (13312K), 4 survivors (4096K)
}
Event: 0,678 {heap After GC invocations=4 (full 0):
 garbage-first heap   total reserved 1048576K, committed 65536K, used 18003K [0x00000000c0000000, 0x0000000100000000)
  region size 1024K, 3 young (3072K), 3 survivors (3072K)
}
Event: 0,908 {heap Before GC invocations=5 (full 0):
 garbage-first heap   total reserved 1048576K, committed 65536K, used 43603K [0x00000000c0000000, 0x0000000100000000)
  region size 1024K, 29 young (29696K), 3 survivors (3072K)
}
Event: 0,909 {heap After GC invocations=6 (full 0):
 garbage-first heap   total reserved 1048576K, committed 65536K, used 21736K [0x00000000c0000000, 0x0000000100000000)
  region size 1024K, 4 young (4096K), 4 survivors (4096K)
}
Event: 0,976 {heap Before GC invocations=6 (full 0):
 garbage-first heap   total reserved 1048576K, committed 65536K, used 48360K [0x00000000c0000000, 0x0000000100000000)
  region size 1024K, 29 young (29696K), 4 survivors (4096K)
}
Event: 0,978 {heap After GC invocations=7 (full 0):
 garbage-first heap   total reserved 1048576K, committed 65536K, used 24687K [0x00000000c0000000, 0x0000000100000000)
  region size 1024K, 2 young (2048K), 2 survivors (2048K)
}
Event: 0,994 {heap Before GC invocations=7 (full 0):
 garbage-first heap   total reserved 1048576K, committed 65536K, used 50287K [0x00000000c0000000, 0x0000000100000000)
  region size 1024K, 27 young (27648K), 2 survivors (2048K)
}
Event: 0,995 {heap After GC invocations=8 (full 0):
 garbage-first heap   total reserved 1048576K, committed 79872K, used 24514K [0x00000000c0000000, 0x0000000100000000)
  region size 1024K, 2 young (2048K), 2 survivors (2048K)
}
Event: 1,016 {heap Before GC invocations=8 (full 0):
 garbage-first heap   total reserved 1048576K, committed 79872K, used 61378K [0x00000000c0000000, 0x0000000100000000)
  region size 1024K, 38 young (38912K), 2 survivors (2048K)
}
Event: 1,017 {heap After GC invocations=9 (full 0):
 garbage-first heap   total reserved 1048576K, committed 79872K, used 24538K [0x00000000c0000000, 0x0000000100000000)
  region size 1024K, 2 young (2048K), 2 survivors (2048K)
}
Event: 1,073 {heap Before GC invocations=9 (full 0):
 garbage-first heap   total reserved 1048576K, committed 79872K, used 35802K [0x00000000c0000000, 0x0000000100000000)
  region size 1024K, 14 young (14336K), 2 survivors (2048K)
}
Event: 1,075 {heap After GC invocations=10 (full 0):
 garbage-first heap   total reserved 1048576K, committed 79872K, used 26269K [0x00000000c0000000, 0x0000000100000000)
  region size 1024K, 4 young (4096K), 4 survivors (4096K)
}
Event: 1,526 {heap Before GC invocations=11 (full 0):
 garbage-first heap   total reserved 1048576K, committed 79872K, used 71325K [0x00000000c0000000, 0x0000000100000000)
  region size 1024K, 44 young (45056K), 4 survivors (4096K)
}
Event: 1,528 {heap After GC invocations=12 (full 0):
 garbage-first heap   total reserved 1048576K, committed 81920K, used 32449K [0x00000000c0000000, 0x0000000100000000)
  region size 1024K, 6 young (6144K), 6 survivors (6144K)
}
Event: 1,829 {heap Before GC invocations=12 (full 0):
 garbage-first heap   total reserved 1048576K, committed 81920K, used 72385K [0x00000000c0000000, 0x0000000100000000)
  region size 1024K, 42 young (43008K), 6 survivors (6144K)
}
Event: 1,833 {heap After GC invocations=13 (full 0):
 garbage-first heap   total reserved 1048576K, committed 86016K, used 36930K [0x00000000c0000000, 0x0000000100000000)
  region size 1024K, 6 young (6144K), 6 survivors (6144K)
}

Metaspace Usage History (20 events):
Event: 0,465 {metaspace Before GC invocations=1 (full 0):
 Metaspace       used 19785K, committed 20096K, reserved 1114112K
  class space    used 1980K, committed 2112K, reserved 1048576K
}
Event: 0,469 {metaspace After GC invocations=2 (full 0):
 Metaspace       used 19785K, committed 20096K, reserved 1114112K
  class space    used 1980K, committed 2112K, reserved 1048576K
}
Event: 0,610 {metaspace Before GC invocations=2 (full 0):
 Metaspace       used 20011K, committed 20288K, reserved 1114112K
  class space    used 1980K, committed 2112K, reserved 1048576K
}
Event: 0,614 {metaspace After GC invocations=3 (full 0):
 Metaspace       used 20011K, committed 20288K, reserved 1114112K
  class space    used 1980K, committed 2112K, reserved 1048576K
}
Event: 0,676 {metaspace Before GC invocations=3 (full 0):
 Metaspace       used 21102K, committed 21504K, reserved 1114112K
  class space    used 2097K, committed 2240K, reserved 1048576K
}
Event: 0,678 {metaspace After GC invocations=4 (full 0):
 Metaspace       used 21102K, committed 21504K, reserved 1114112K
  class space    used 2097K, committed 2240K, reserved 1048576K
}
Event: 0,908 {metaspace Before GC invocations=5 (full 0):
 Metaspace       used 30278K, committed 31104K, reserved 1114112K
  class space    used 3115K, committed 3456K, reserved 1048576K
}
Event: 0,909 {metaspace After GC invocations=6 (full 0):
 Metaspace       used 30278K, committed 31104K, reserved 1114112K
  class space    used 3115K, committed 3456K, reserved 1048576K
}
Event: 0,976 {metaspace Before GC invocations=6 (full 0):
 Metaspace       used 32749K, committed 33536K, reserved 1114112K
  class space    used 3491K, committed 3840K, reserved 1048576K
}
Event: 0,978 {metaspace After GC invocations=7 (full 0):
 Metaspace       used 32749K, committed 33536K, reserved 1114112K
  class space    used 3491K, committed 3840K, reserved 1048576K
}
Event: 0,994 {metaspace Before GC invocations=7 (full 0):
 Metaspace       used 32929K, committed 33728K, reserved 1114112K
  class space    used 3512K, committed 3904K, reserved 1048576K
}
Event: 0,995 {metaspace After GC invocations=8 (full 0):
 Metaspace       used 32929K, committed 33728K, reserved 1114112K
  class space    used 3512K, committed 3904K, reserved 1048576K
}
Event: 1,016 {metaspace Before GC invocations=8 (full 0):
 Metaspace       used 32931K, committed 33728K, reserved 1114112K
  class space    used 3512K, committed 3904K, reserved 1048576K
}
Event: 1,017 {metaspace After GC invocations=9 (full 0):
 Metaspace       used 32931K, committed 33728K, reserved 1114112K
  class space    used 3512K, committed 3904K, reserved 1048576K
}
Event: 1,073 {metaspace Before GC invocations=9 (full 0):
 Metaspace       used 35296K, committed 36096K, reserved 1114112K
  class space    used 3745K, committed 4096K, reserved 1048576K
}
Event: 1,075 {metaspace After GC invocations=10 (full 0):
 Metaspace       used 35296K, committed 36096K, reserved 1114112K
  class space    used 3745K, committed 4096K, reserved 1048576K
}
Event: 1,526 {metaspace Before GC invocations=11 (full 0):
 Metaspace       used 47696K, committed 48768K, reserved 1114112K
  class space    used 5491K, committed 5952K, reserved 1048576K
}
Event: 1,528 {metaspace After GC invocations=12 (full 0):
 Metaspace       used 47696K, committed 48768K, reserved 1114112K
  class space    used 5491K, committed 5952K, reserved 1048576K
}
Event: 1,829 {metaspace Before GC invocations=12 (full 0):
 Metaspace       used 53935K, committed 55232K, reserved 1114112K
  class space    used 6292K, committed 6848K, reserved 1048576K
}
Event: 1,833 {metaspace After GC invocations=13 (full 0):
 Metaspace       used 53935K, committed 55232K, reserved 1114112K
  class space    used 6292K, committed 6848K, reserved 1048576K
}

Dll operation events (18 events):
Event: 0,001 Loaded shared library /snap/dbeaver-ce/543/usr/share/dbeaver-ce/jre/lib/libjava.so
Event: 0,017 Loaded shared library /snap/dbeaver-ce/543/usr/share/dbeaver-ce/jre/lib/libsimdsort.so
Event: 0,042 Loaded shared library /snap/dbeaver-ce/543/usr/share/dbeaver-ce/jre/lib/libnio.so
Event: 0,044 Loaded shared library /snap/dbeaver-ce/543/usr/share/dbeaver-ce/jre/lib/libzip.so
Event: 0,054 Loaded shared library /snap/dbeaver-ce/543/usr/share/dbeaver-ce/jre/lib/libnet.so
Event: 0,065 Loaded shared library /snap/dbeaver-ce/543/usr/share/dbeaver-ce/jre/lib/libjimage.so
Event: 0,094 Loaded shared library /snap/dbeaver-ce/543/usr/share/dbeaver-ce/plugins/org.eclipse.equinox.launcher.gtk.linux.x86_64_1.2.1500.v20250801-0854/eclipse_11916.so
Event: 0,786 Loaded shared library /snap/dbeaver-ce/543/usr/share/dbeaver-ce/jre/lib/libverify.so
Event: 0,798 Loaded shared library /home/aminvell/snap/dbeaver-ce/543/.local/share/DBeaverData/install-data/org.jkiss.dbeaver.product/26.1.5-202608181400/org.eclipse.osgi/152/0/.cp/libswt-gtk-4973r12.so
Event: 0,799 Loaded shared library /home/aminvell/snap/dbeaver-ce/543/.local/share/DBeaverData/install-data/org.jkiss.dbeaver.product/26.1.5-202608181400/org.eclipse.osgi/152/0/.cp/libswt-pi3-gtk-4973r12.so
Event: 0,839 Loaded shared library /snap/dbeaver-ce/543/usr/share/dbeaver-ce/jre/lib/libawt.so
Event: 0,839 Loaded shared library /snap/dbeaver-ce/543/usr/share/dbeaver-ce/jre/lib/libawt_xawt.so
Event: 0,846 Loaded shared library /snap/dbeaver-ce/543/usr/share/dbeaver-ce/jre/lib/libfontmanager.so
Event: 1,115 Loaded shared library /snap/dbeaver-ce/543/usr/share/dbeaver-ce/jre/lib/libjaas.so
Event: 1,124 Loaded shared library /home/aminvell/snap/dbeaver-ce/543/.local/share/DBeaverData/install-data/org.jkiss.dbeaver.product/26.1.5-202608181400/org.eclipse.osgi/49/0/.cp/os/linux/x86_64/libunixfile_1_0_0.so
Event: 1,181 Loaded shared library /home/aminvell/snap/dbeaver-ce/543/.local/share/DBeaverData/install-data/org.jkiss.dbeaver.product/26.1.5-202608181400/org.eclipse.osgi/152/0/.cp/libswt-cairo-gtk-4973r12.so
Event: 1,220 Loaded shared library /snap/dbeaver-ce/543/usr/share/dbeaver-ce/jre/lib/libextnet.so
Event: 1,481 Loaded shared library /home/aminvell/snap/dbeaver-ce/543/.local/share/DBeaverData/install-data/org.jkiss.dbeaver.product/26.1.5-202608181400/org.eclipse.osgi/152/0/.cp/libswt-atk-gtk-4973r12.so

Deoptimization events (20 events):
Event: 1,785 Thread 0x000075bd5402e670 DEOPT PACKING pc=0x000075bd48cdef7c sp=0x000075bd5afea620
Event: 1,785 Thread 0x000075bd5402e670 DEOPT UNPACKING pc=0x000075bd48425579 sp=0x000075bd5afea5e8 mode 2
Event: 1,786 Thread 0x000075bd5402e670 Uncommon trap: trap_request=0xffffff45 fr.pc=0x000075bd48c9fba8 relative=0x0000000000000228
Event: 1,786 Thread 0x000075bd5402e670 Uncommon trap: reason=unstable_if action=reinterpret pc=0x000075bd48c9fba8 method=java.lang.invoke.MethodType.genericMethodType(IZ)Ljava/lang/invoke/MethodType; @ 5 c2
Event: 1,786 Thread 0x000075bd5402e670 DEOPT PACKING pc=0x000075bd48c9fba8 sp=0x000075bd5afeb1a0
Event: 1,786 Thread 0x000075bd5402e670 DEOPT UNPACKING pc=0x000075bd48425579 sp=0x000075bd5afeb130 mode 2
Event: 1,787 Thread 0x000075bd5402e670 Uncommon trap: trap_request=0xffffff45 fr.pc=0x000075bd48b1359c relative=0x000000000000039c
Event: 1,787 Thread 0x000075bd5402e670 Uncommon trap: reason=unstable_if action=reinterpret pc=0x000075bd48b1359c method=java.lang.invoke.MethodType.methodType(Ljava/lang/Class;[Ljava/lang/Class;Z)Ljava/lang/invoke/MethodType; @ 53 c2
Event: 1,787 Thread 0x000075bd5402e670 DEOPT PACKING pc=0x000075bd48b1359c sp=0x000075bd5afe7c90
Event: 1,787 Thread 0x000075bd5402e670 DEOPT UNPACKING pc=0x000075bd48425579 sp=0x000075bd5afe7c30 mode 2
Event: 1,792 Thread 0x000075bd5402e670 Uncommon trap: trap_request=0xffffffde fr.pc=0x000075bd48b1c184 relative=0x0000000000000084
Event: 1,792 Thread 0x000075bd5402e670 Uncommon trap: reason=class_check action=maybe_recompile pc=0x000075bd48b1c184 method=org.eclipse.emf.common.notify.impl.BasicNotifierImpl.eNotificationRequired()Z @ 8 c2
Event: 1,792 Thread 0x000075bd5402e670 DEOPT PACKING pc=0x000075bd48b1c184 sp=0x000075bd5afeb820
Event: 1,792 Thread 0x000075bd5402e670 DEOPT UNPACKING pc=0x000075bd48425579 sp=0x000075bd5afeb7d0 mode 2
Event: 1,796 Thread 0x000075bd5402e670 DEOPT PACKING pc=0x000075bd419229bd sp=0x000075bd5afeb2f0
Event: 1,796 Thread 0x000075bd5402e670 DEOPT UNPACKING pc=0x000075bd48348b8f sp=0x000075bd5afea840 mode 0
Event: 1,805 Thread 0x000075bd5402e670 Uncommon trap: trap_request=0xffffffde fr.pc=0x000075bd48b1c184 relative=0x0000000000000084
Event: 1,805 Thread 0x000075bd5402e670 Uncommon trap: reason=class_check action=maybe_recompile pc=0x000075bd48b1c184 method=org.eclipse.emf.common.notify.impl.BasicNotifierImpl.eNotificationRequired()Z @ 8 c2
Event: 1,805 Thread 0x000075bd5402e670 DEOPT PACKING pc=0x000075bd48b1c184 sp=0x000075bd5afeb3b0
Event: 1,805 Thread 0x000075bd5402e670 DEOPT UNPACKING pc=0x000075bd48425579 sp=0x000075bd5afeb360 mode 2

Classes loaded (20 events):
Event: 1,814 Loading class java/util/concurrent/CompletableFuture$AsyncSupply
Event: 1,814 Loading class java/util/concurrent/CompletableFuture$AsyncSupply done
Event: 1,814 Loading class java/util/concurrent/ForkJoinTask$Aux
Event: 1,814 Loading class java/util/concurrent/ForkJoinTask$Aux done
Event: 1,814 Loading class java/util/concurrent/CompletableFuture$UniAccept
Event: 1,814 Loading class java/util/concurrent/CompletableFuture$UniCompletion
Event: 1,814 Loading class java/util/concurrent/CompletableFuture$UniCompletion done
Event: 1,814 Loading class java/util/concurrent/CompletableFuture$UniAccept done
Event: 1,817 Loading class java/text/CollationElementIterator
Event: 1,817 Loading class java/text/CollationElementIterator done
Event: 1,817 Loading class sun/text/CollatorUtilities
Event: 1,818 Loading class sun/text/CollatorUtilities done
Event: 1,818 Loading class jdk/internal/icu/text/UCharacterIterator
Event: 1,818 Loading class jdk/internal/icu/text/UCharacterIterator done
Event: 1,818 Loading class jdk/internal/icu/impl/ReplaceableUCharacterIterator
Event: 1,818 Loading class jdk/internal/icu/impl/ReplaceableUCharacterIterator done
Event: 1,818 Loading class jdk/internal/icu/text/ReplaceableString
Event: 1,818 Loading class jdk/internal/icu/text/Replaceable
Event: 1,818 Loading class jdk/internal/icu/text/Replaceable done
Event: 1,818 Loading class jdk/internal/icu/text/ReplaceableString done

Classes unloaded (0 events):
No events

Classes redefined (0 events):
No events

Internal exceptions (20 events):
Event: 1,679 Thread 0x000075bd5402e670 Exception <a 'java/io/FileNotFoundException'{0x00000000c3a5d960}> (0x00000000c3a5d960) 
thrown [src/hotspot/share/prims/jni.cpp, line 516]
Event: 1,679 Thread 0x000075bd5402e670 Exception <a 'java/io/FileNotFoundException'{0x00000000c3a5ebf8}> (0x00000000c3a5ebf8) 
thrown [src/hotspot/share/prims/jni.cpp, line 516]
Event: 1,733 Thread 0x000075bd5402e670 Exception <a 'java/lang/NoSuchMethodError'{0x00000000c352d2c0}: 'void java.lang.invoke.DirectMethodHandle$Holder.invokeStatic(java.lang.Object, int)'> (0x00000000c352d2c0) 
thrown [src/hotspot/share/interpreter/linkResolver.cpp, line 803]
Event: 1,747 Thread 0x000075bd5402e670 Exception <a 'java/io/FileNotFoundException'{0x00000000c35c4ee8}> (0x00000000c35c4ee8) 
thrown [src/hotspot/share/prims/jni.cpp, line 516]
Event: 1,747 Thread 0x000075bd5402e670 Exception <a 'java/io/FileNotFoundException'{0x00000000c35c6138}> (0x00000000c35c6138) 
thrown [src/hotspot/share/prims/jni.cpp, line 516]
Event: 1,747 Thread 0x000075bd5402e670 Exception <a 'java/io/FileNotFoundException'{0x00000000c35c7328}> (0x00000000c35c7328) 
thrown [src/hotspot/share/prims/jni.cpp, line 516]
Event: 1,747 Thread 0x000075bd5402e670 Exception <a 'java/io/FileNotFoundException'{0x00000000c35c8590}> (0x00000000c35c8590) 
thrown [src/hotspot/share/prims/jni.cpp, line 516]
Event: 1,747 Thread 0x000075bd5402e670 Exception <a 'java/io/FileNotFoundException'{0x00000000c35c9820}> (0x00000000c35c9820) 
thrown [src/hotspot/share/prims/jni.cpp, line 516]
Event: 1,747 Thread 0x000075bd5402e670 Exception <a 'java/io/FileNotFoundException'{0x00000000c35caac8}> (0x00000000c35caac8) 
thrown [src/hotspot/share/prims/jni.cpp, line 516]
Event: 1,747 Thread 0x000075bd5402e670 Exception <a 'java/io/FileNotFoundException'{0x00000000c35cbce0}> (0x00000000c35cbce0) 
thrown [src/hotspot/share/prims/jni.cpp, line 516]
Event: 1,747 Thread 0x000075bd5402e670 Exception <a 'java/io/FileNotFoundException'{0x00000000c35ccf28}> (0x00000000c35ccf28) 
thrown [src/hotspot/share/prims/jni.cpp, line 516]
Event: 1,747 Thread 0x000075bd5402e670 Exception <a 'java/io/FileNotFoundException'{0x00000000c35ce128}> (0x00000000c35ce128) 
thrown [src/hotspot/share/prims/jni.cpp, line 516]
Event: 1,747 Thread 0x000075bd5402e670 Exception <a 'java/io/FileNotFoundException'{0x00000000c35cf308}> (0x00000000c35cf308) 
thrown [src/hotspot/share/prims/jni.cpp, line 516]
Event: 1,747 Thread 0x000075bd5402e670 Exception <a 'java/io/FileNotFoundException'{0x00000000c35d0628}> (0x00000000c35d0628) 
thrown [src/hotspot/share/prims/jni.cpp, line 516]
Event: 1,747 Thread 0x000075bd5402e670 Exception <a 'java/io/FileNotFoundException'{0x00000000c35d1b98}> (0x00000000c35d1b98) 
thrown [src/hotspot/share/prims/jni.cpp, line 516]
Event: 1,747 Thread 0x000075bd5402e670 Exception <a 'java/io/FileNotFoundException'{0x00000000c35d2e28}> (0x00000000c35d2e28) 
thrown [src/hotspot/share/prims/jni.cpp, line 516]
Event: 1,774 Thread 0x000075bd5402e670 Exception <a 'java/lang/NoSuchMethodError'{0x00000000c2fb4ef0}: 'void java.lang.invoke.DirectMethodHandle$Holder.invokeVirtual(java.lang.Object, java.lang.Object, java.lang.Object, int)'> (0x00000000c2fb4ef0) 
thrown [src/hotspot/share/interpreter/linkResolver.cpp, line 803]
Event: 1,775 Thread 0x000075bd5402e670 Exception <a 'java/lang/NoSuchMethodError'{0x00000000c2fc5518}: 'java.lang.Object java.lang.invoke.DirectMethodHandle$Holder.invokeVirtual(java.lang.Object, java.lang.Object, java.lang.Object)'> (0x00000000c2fc5518) 
thrown [src/hotspot/share/interpreter/linkResolver.cpp, line 803]
Event: 1,776 Thread 0x000075bd5402e670 Exception <a 'java/lang/NoSuchMethodError'{0x00000000c2fde4a8}: 'java.lang.Object java.lang.invoke.Invokers$Holder.invoke_MT(java.lang.Object, java.lang.Object, java.lang.Object, java.lang.Object, java.lang.Object)'> (0x00000000c2fde4a8) 
thrown [src/hotspot/share/interpreter/linkResolver.cpp, line 803]
Event: 1,811 Thread 0x000075bd5402e670 Exception <a 'java/io/FileNotFoundException'{0x00000000c2c906d0}> (0x00000000c2c906d0) 
thrown [src/hotspot/share/prims/jni.cpp, line 516]

VM Operations (20 events):
Event: 1,526 Executing safepoint VM operation: G1CollectForAllocation (G1 Evacuation Pause)
Event: 1,528 Executing safepoint VM operation: G1CollectForAllocation (G1 Evacuation Pause) done
Event: 1,566 Executing non-safepoint VM operation: HandshakeAllThreads (Deoptimize)
Event: 1,566 Executing non-safepoint VM operation: HandshakeAllThreads (Deoptimize) done
Event: 1,576 Executing non-safepoint VM operation: HandshakeAllThreads (Deoptimize)
Event: 1,576 Executing non-safepoint VM operation: HandshakeAllThreads (Deoptimize) done
Event: 1,576 Executing non-safepoint VM operation: HandshakeAllThreads (Deoptimize)
Event: 1,576 Executing non-safepoint VM operation: HandshakeAllThreads (Deoptimize) done
Event: 1,749 Executing non-safepoint VM operation: HandshakeAllThreads (Deoptimize)
Event: 1,749 Executing non-safepoint VM operation: HandshakeAllThreads (Deoptimize) done
Event: 1,768 Executing non-safepoint VM operation: HandshakeAllThreads (Deoptimize)
Event: 1,768 Executing non-safepoint VM operation: HandshakeAllThreads (Deoptimize) done
Event: 1,776 Executing non-safepoint VM operation: HandshakeAllThreads (Deoptimize)
Event: 1,776 Executing non-safepoint VM operation: HandshakeAllThreads (Deoptimize) done
Event: 1,778 Executing non-safepoint VM operation: HandshakeAllThreads (Deoptimize)
Event: 1,778 Executing non-safepoint VM operation: HandshakeAllThreads (Deoptimize) done
Event: 1,789 Executing non-safepoint VM operation: HandshakeAllThreads (Deoptimize)
Event: 1,789 Executing non-safepoint VM operation: HandshakeAllThreads (Deoptimize) done
Event: 1,829 Executing safepoint VM operation: G1CollectForAllocation (G1 Evacuation Pause)
Event: 1,833 Executing safepoint VM operation: G1CollectForAllocation (G1 Evacuation Pause) done

Memory protections (20 events):
Event: 0,554 Protecting memory [0x000075bccaaf4000,0x000075bccaaf8000] with protection modes 0
Event: 0,576 Protecting memory [0x000075bcca9f4000,0x000075bcca9f8000] with protection modes 0
Event: 0,703 Protecting memory [0x000075bcca6f2000,0x000075bcca6f6000] with protection modes 0
Event: 0,755 Protecting memory [0x000075bcca5f2000,0x000075bcca5f6000] with protection modes 0
Event: 0,758 Protecting memory [0x000075bcca4f2000,0x000075bcca4f6000] with protection modes 0
Event: 0,758 Protecting memory [0x000075bcca3f2000,0x000075bcca3f6000] with protection modes 0
Event: 0,774 Protecting memory [0x000075bcca4f2000,0x000075bcca4f6000] with protection modes 0
Event: 0,804 Protecting memory [0x000075bcca3f2000,0x000075bcca3f6000] with protection modes 0
Event: 0,857 Protecting memory [0x000075bcc9e9d000,0x000075bcc9ea1000] with protection modes 0
Event: 0,857 Protecting memory [0x000075bcc9d9d000,0x000075bcc9da1000] with protection modes 0
Event: 1,101 Protecting memory [0x000075bcc9c9d000,0x000075bcc9ca1000] with protection modes 0
Event: 1,161 Protecting memory [0x000075bcc9900000,0x000075bcc9904000] with protection modes 0
Event: 1,222 Protecting memory [0x000075bcc8e67000,0x000075bcc8e6b000] with protection modes 0
Event: 1,225 Protecting memory [0x000075bcc8d67000,0x000075bcc8d6b000] with protection modes 0
Event: 1,262 Protecting memory [0x000075bcc8c67000,0x000075bcc8c6b000] with protection modes 0
Event: 1,452 Protecting memory [0x000075bcc8b67000,0x000075bcc8b6b000] with protection modes 0
Event: 1,649 Protecting memory [0x000075bcc886c000,0x000075bcc8870000] with protection modes 0
Event: 1,811 Protecting memory [0x000075bcc886c000,0x000075bcc8870000] with protection modes 0
Event: 1,814 Protecting memory [0x000075bcc876c000,0x000075bcc8770000] with protection modes 0
Event: 1,815 Protecting memory [0x000075bcc866c000,0x000075bcc8670000] with protection modes 0

Nmethod flushes (20 events):
Event: 1,084 Thread 0x000075bd54127040 flushing  nmethod 0x000075bd40ea0308
Event: 1,084 Thread 0x000075bd54127040 flushing  nmethod 0x000075bd40ea0608
Event: 1,084 Thread 0x000075bd54127040 flushing  nmethod 0x000075bd40ea0908
Event: 1,084 Thread 0x000075bd54127040 flushing  nmethod 0x000075bd40ea1708
Event: 1,084 Thread 0x000075bd54127040 flushing  nmethod 0x000075bd40ea2088
Event: 1,084 Thread 0x000075bd54127040 flushing  nmethod 0x000075bd40ea2588
Event: 1,084 Thread 0x000075bd54127040 flushing  nmethod 0x000075bd40ea2e08
Event: 1,084 Thread 0x000075bd54127040 flushing  nmethod 0x000075bd40ea3288
Event: 1,084 Thread 0x000075bd54127040 flushing  nmethod 0x000075bd40ef5508
Event: 1,084 Thread 0x000075bd54127040 flushing  nmethod 0x000075bd40ef5808
Event: 1,084 Thread 0x000075bd54127040 flushing  nmethod 0x000075bd40ef6088
Event: 1,084 Thread 0x000075bd54127040 flushing  nmethod 0x000075bd40ef6a88
Event: 1,084 Thread 0x000075bd54127040 flushing  nmethod 0x000075bd40ef8608
Event: 1,084 Thread 0x000075bd54127040 flushing  nmethod 0x000075bd40efcf88
Event: 1,084 Thread 0x000075bd54127040 flushing  nmethod 0x000075bd41123f08
Event: 1,084 Thread 0x000075bd54127040 flushing  nmethod 0x000075bd411c3208
Event: 1,084 Thread 0x000075bd54127040 flushing  nmethod 0x000075bd4140c088
Event: 1,084 Thread 0x000075bd54127040 flushing  nmethod 0x000075bd4140c708
Event: 1,084 Thread 0x000075bd54127040 flushing  nmethod 0x000075bd4140cd08
Event: 1,084 Thread 0x000075bd54127040 flushing  nmethod 0x000075bd4140df08

Events (20 events):
Event: 0,755 Thread 0x000075bd5402e670 Thread added: 0x000075bd547a0580
Event: 0,758 Thread 0x000075bd547a0580 Thread added: 0x000075bc5c00ae30
Event: 0,758 Thread 0x000075bc5c00ae30 Thread added: 0x000075bc60000fc0
Event: 0,764 Thread 0x000075bc60000fc0 Thread exited: 0x000075bc60000fc0
Event: 0,764 Thread 0x000075bc5c00ae30 Thread exited: 0x000075bc5c00ae30
Event: 0,774 Thread 0x000075bd54763b20 Thread added: 0x000075bc9404b600
Event: 0,804 Thread 0x000075bd5402e670 Thread added: 0x000075bd548c41d0
Event: 0,857 Thread 0x000075bd5402e670 Thread added: 0x000075bd54991a80
Event: 0,857 Thread 0x000075bd5402e670 Thread added: 0x000075bd54992d60
Event: 1,101 Thread 0x000075bd5402e670 Thread added: 0x000075bd54ba2230
Event: 1,161 Thread 0x000075bd548c41d0 Thread added: 0x000075bc54021670
Event: 1,222 Thread 0x000075bd5402e670 Thread added: 0x000075bd54dcded0
Event: 1,225 Thread 0x000075bd5402e670 Thread added: 0x000075bd54721460
Event: 1,262 Thread 0x000075bd548c41d0 Thread added: 0x000075bc54022b60
Event: 1,452 Thread 0x000075bd5402e670 Thread added: 0x000075bd55136a10
Event: 1,649 Thread 0x000075bd5402e670 Thread added: 0x000075bd55389eb0
Event: 1,655 Thread 0x000075bd55389eb0 Thread exited: 0x000075bd55389eb0
Event: 1,811 Thread 0x000075bd5402e670 Thread added: 0x000075bd55210a80
Event: 1,814 Thread 0x000075bd55210a80 Thread added: 0x000075bc38005e70
Event: 1,815 Thread 0x000075bd55210a80 Thread added: 0x000075bc38008560


Dynamic libraries:
77000000-77080000 rw-p 00000000 00:00 0 
77080000-770a0000 rw-p 00000000 00:00 0 
770a0000-770c0000 rw-p 00000000 00:00 0 
770c0000-77140000 rw-p 00000000 00:00 0 
77140000-771c0000 rw-p 00000000 00:00 0 
771c0000-77200000 rw-p 00000000 00:00 0 
77200000-77340000 rw-p 00000000 00:00 0 
77340000-774c0000 rw-p 00000000 00:00 0 
774c0000-774e0000 rw-p 00000000 00:00 0 
774e0000-77500000 ---p 00000000 00:00 0 
77500000-776e0000 rw-p 00000000 00:00 0 
776e0000-b7000000 ---p 00000000 00:00 0 
c0000000-c5000000 rw-p 00000000 00:00 0 
c5000000-ffc00000 ---p 00000000 00:00 0 
ffc00000-100000000 rw-p 00000000 00:00 0 
56a33f1ce000-56a33f1cf000 r--p 00000000 07:34 1615                       /snap/dbeaver-ce/543/usr/share/dbeaver-ce/jre/bin/java
56a33f1cf000-56a33f1d0000 r-xp 00001000 07:34 1615                       /snap/dbeaver-ce/543/usr/share/dbeaver-ce/jre/bin/java
56a33f1d0000-56a33f1d1000 r--p 00002000 07:34 1615                       /snap/dbeaver-ce/543/usr/share/dbeaver-ce/jre/bin/java
56a33f1d1000-56a33f1d2000 r--p 00002000 07:34 1615                       /snap/dbeaver-ce/543/usr/share/dbeaver-ce/jre/bin/java
56a33f1d2000-56a33f1d3000 rw-p 00003000 07:34 1615                       /snap/dbeaver-ce/543/usr/share/dbeaver-ce/jre/bin/java
56a3442c2000-56a34430d000 rw-p 00000000 00:00 0                          [heap]
75bc2c000000-75bc2c021000 rw-p 00000000 00:00 0 
75bc2c021000-75bc30000000 ---p 00000000 00:00 0 
75bc30000000-75bc30021000 rw-p 00000000 00:00 0 
75bc30021000-75bc34000000 ---p 00000000 00:00 0 
75bc34000000-75bc34021000 rw-p 00000000 00:00 0 
75bc34021000-75bc38000000 ---p 00000000 00:00 0 
75bc38000000-75bc38021000 rw-p 00000000 00:00 0 
75bc38021000-75bc3c000000 ---p 00000000 00:00 0 
75bc3c000000-75bc3c021000 rw-p 00000000 00:00 0 
75bc3c021000-75bc40000000 ---p 00000000 00:00 0 
75bc40000000-75bc40021000 rw-p 00000000 00:00 0 
75bc40021000-75bc44000000 ---p 00000000 00:00 0 
75bc44000000-75bc44021000 rw-p 00000000 00:00 0 
75bc44021000-75bc48000000 ---p 00000000 00:00 0 
75bc48000000-75bc48021000 rw-p 00000000 00:00 0 
75bc48021000-75bc4c000000 ---p 00000000 00:00 0 
75bc4c000000-75bc4c021000 rw-p 00000000 00:00 0 
75bc4c021000-75bc50000000 ---p 00000000 00:00 0 
75bc50000000-75bc50021000 rw-p 00000000 00:00 0 
75bc50021000-75bc54000000 ---p 00000000 00:00 0 
75bc54000000-75bc5403d000 rw-p 00000000 00:00 0 
75bc5403d000-75bc58000000 ---p 00000000 00:00 0 
75bc58000000-75bc58021000 rw-p 00000000 00:00 0 
75bc58021000-75bc5c000000 ---p 00000000 00:00 0 
75bc5c000000-75bc5c021000 rw-p 00000000 00:00 0 
75bc5c021000-75bc60000000 ---p 00000000 00:00 0 
75bc60000000-75bc60021000 rw-p 00000000 00:00 0 
75bc60021000-75bc64000000 ---p 00000000 00:00 0 
75bc64000000-75bc64021000 rw-p 00000000 00:00 0 
75bc64021000-75bc68000000 ---p 00000000 00:00 0 
75bc68000000-75bc68021000 rw-p 00000000 00:00 0 
75bc68021000-75bc6c000000 ---p 00000000 00:00 0 
75bc6c000000-75bc6d6d3000 rw-p 00000000 00:00 0 
75bc6d6d3000-75bc70000000 ---p 00000000 00:00 0 
75bc70000000-75bc70021000 rw-p 00000000 00:00 0 
75bc70021000-75bc74000000 ---p 00000000 00:00 0 
75bc74000000-75bc74690000 rw-p 00000000 00:00 0 
75bc74690000-75bc78000000 ---p 00000000 00:00 0 
75bc78000000-75bc785c8000 rw-p 00000000 00:00 0 
75bc785c8000-75bc7c000000 ---p 00000000 00:00 0 
75bc7c000000-75bc7c021000 rw-p 00000000 00:00 0 
75bc7c021000-75bc80000000 ---p 00000000 00:00 0 
75bc80000000-75bc80021000 rw-p 00000000 00:00 0 
75bc80021000-75bc84000000 ---p 00000000 00:00 0 
75bc84000000-75bc84021000 rw-p 00000000 00:00 0 
75bc84021000-75bc88000000 ---p 00000000 00:00 0 
75bc88000000-75bc88021000 rw-p 00000000 00:00 0 
75bc88021000-75bc8c000000 ---p 00000000 00:00 0 
75bc8c000000-75bc8c021000 rw-p 00000000 00:00 0 
75bc8c021000-75bc90000000 ---p 00000000 00:00 0 
75bc90000000-75bc90021000 rw-p 00000000 00:00 0 
75bc90021000-75bc94000000 ---p 00000000 00:00 0 
75bc94000000-75bc9407e000 rw-p 00000000 00:00 0 
75bc9407e000-75bc98000000 ---p 00000000 00:00 0 
75bc98000000-75bc988b3000 rw-p 00000000 00:00 0 
75bc988b3000-75bc9c000000 ---p 00000000 00:00 0 
75bc9c000000-75bc9c021000 rw-p 00000000 00:00 0 
75bc9c021000-75bca0000000 ---p 00000000 00:00 0 
75bca0000000-75bca0021000 rw-p 00000000 00:00 0 
75bca0021000-75bca4000000 ---p 00000000 00:00 0 
75bca4000000-75bca4021000 rw-p 00000000 00:00 0 
75bca4021000-75bca8000000 ---p 00000000 00:00 0 
75bca8000000-75bca8021000 rw-p 00000000 00:00 0 
75bca8021000-75bcac000000 ---p 00000000 00:00 0 
75bcac000000-75bcac021000 rw-p 00000000 00:00 0 
75bcac021000-75bcb0000000 ---p 00000000 00:00 0 
75bcb0000000-75bcb0021000 rw-p 00000000 00:00 0 
75bcb0021000-75bcb4000000 ---p 00000000 00:00 0 
75bcb4000000-75bcb4021000 rw-p 00000000 00:00 0 
75bcb4021000-75bcb8000000 ---p 00000000 00:00 0 
75bcb8000000-75bcb8021000 rw-p 00000000 00:00 0 
75bcb8021000-75bcbc000000 ---p 00000000 00:00 0 
75bcbc000000-75bcbccca000 rw-p 00000000 00:00 0 
75bcbccca000-75bcc0000000 ---p 00000000 00:00 0 
75bcc0000000-75bcc0021000 rw-p 00000000 00:00 0 
75bcc0021000-75bcc4000000 ---p 00000000 00:00 0 
75bcc4000000-75bcc56dd000 rw-p 00000000 00:00 0 
75bcc56dd000-75bcc8000000 ---p 00000000 00:00 0 
75bcc866c000-75bcc8670000 ---p 00000000 00:00 0 
75bcc8670000-75bcc876c000 rw-p 00000000 00:00 0 
75bcc876c000-75bcc8770000 ---p 00000000 00:00 0 
75bcc8770000-75bcc886c000 rw-p 00000000 00:00 0 
75bcc886c000-75bcc8870000 ---p 00000000 00:00 0 
75bcc8870000-75bcc896c000 rw-p 00000000 00:00 0 
75bcc896c000-75bcc8972000 r--p 00000000 fc:01 7079541                    /usr/lib/x86_64-linux-gnu/libmvec.so.1
75bcc8972000-75bcc8995000 r-xp 00006000 fc:01 7079541                    /usr/lib/x86_64-linux-gnu/libmvec.so.1
75bcc8995000-75bcc8a6c000 r--p 00029000 fc:01 7079541                    /usr/lib/x86_64-linux-gnu/libmvec.so.1
75bcc8a6c000-75bcc8a6d000 r--p 00100000 fc:01 7079541                    /usr/lib/x86_64-linux-gnu/libmvec.so.1
75bcc8a6d000-75bcc8a6e000 rw-p 00101000 fc:01 7079541                    /usr/lib/x86_64-linux-gnu/libmvec.so.1
75bcc8a6e000-75bcc8a71000 r--p 00000000 fc:01 7090640                    /usr/lib/x86_64-linux-gnu/libvorbis.so.0.4.9
75bcc8a71000-75bcc8a8a000 r-xp 00003000 fc:01 7090640                    /usr/lib/x86_64-linux-gnu/libvorbis.so.0.4.9
75bcc8a8a000-75bcc8a9c000 r--p 0001c000 fc:01 7090640                    /usr/lib/x86_64-linux-gnu/libvorbis.so.0.4.9
75bcc8a9c000-75bcc8a9d000 r--p 0002e000 fc:01 7090640                    /usr/lib/x86_64-linux-gnu/libvorbis.so.0.4.9
75bcc8a9d000-75bcc8a9e000 rw-p 0002f000 fc:01 7090640                    /usr/lib/x86_64-linux-gnu/libvorbis.so.0.4.9
75bcc8a9e000-75bcc8aa2000 r--p 00000000 fc:01 7080404                    /usr/lib/x86_64-linux-gnu/libtdb.so.1.4.13
75bcc8aa2000-75bcc8ab0000 r-xp 00004000 fc:01 7080404                    /usr/lib/x86_64-linux-gnu/libtdb.so.1.4.13
75bcc8ab0000-75bcc8ab5000 r--p 00012000 fc:01 7080404                    /usr/lib/x86_64-linux-gnu/libtdb.so.1.4.13
75bcc8ab5000-75bcc8ab6000 r--p 00016000 fc:01 7080404                    /usr/lib/x86_64-linux-gnu/libtdb.so.1.4.13
75bcc8ab6000-75bcc8ab7000 rw-p 00017000 fc:01 7080404                    /usr/lib/x86_64-linux-gnu/libtdb.so.1.4.13
75bcc8b67000-75bcc8b6b000 ---p 00000000 00:00 0 
75bcc8b6b000-75bcc8c67000 rw-p 00000000 00:00 0 
75bcc8c67000-75bcc8c6b000 ---p 00000000 00:00 0 
75bcc8c6b000-75bcc8d67000 rw-p 00000000 00:00 0 
75bcc8d67000-75bcc8d6b000 ---p 00000000 00:00 0 
75bcc8d6b000-75bcc8e67000 rw-p 00000000 00:00 0 
75bcc8e67000-75bcc8e6b000 ---p 00000000 00:00 0 
75bcc8e6b000-75bcc8f67000 rw-p 00000000 00:00 0 
75bcc8f67000-75bcc8fbb000 r--p 00000000 fc:01 7341015                    /usr/share/fonts/truetype/dejavu/DejaVuSansMono.ttf
75bcc8fbb000-75bcc90c3000 r--p 00000000 fc:01 7341358                    /usr/share/fonts/truetype/ubuntu/UbuntuSans[wdth,wght].ttf
75bcc90c3000-75bcc91cb000 r--p 00000000 fc:01 7341358                    /usr/share/fonts/truetype/ubuntu/UbuntuSans[wdth,wght].ttf
75bcc91cb000-75bcc91cf000 r--p 00000000 fc:01 7102051                    /usr/lib/x86_64-linux-gnu/liblzma.so.5.8.1
75bcc91cf000-75bcc91f3000 r-xp 00004000 fc:01 7102051                    /usr/lib/x86_64-linux-gnu/liblzma.so.5.8.1
75bcc91f3000-75bcc91fe000 r--p 00028000 fc:01 7102051                    /usr/lib/x86_64-linux-gnu/liblzma.so.5.8.1
75bcc91fe000-75bcc91ff000 r--p 00033000 fc:01 7102051                    /usr/lib/x86_64-linux-gnu/liblzma.so.5.8.1
75bcc91ff000-75bcc9200000 rw-p 00034000 fc:01 7102051                    /usr/lib/x86_64-linux-gnu/liblzma.so.5.8.1
75bcc9200000-75bcc92ae000 r--p 00000000 fc:01 7090506                    /usr/lib/x86_64-linux-gnu/librsvg-2.so.2.60.0
75bcc92ae000-75bcc95ac000 r-xp 000ae000 fc:01 7090506                    /usr/lib/x86_64-linux-gnu/librsvg-2.so.2.60.0
75bcc95ac000-75bcc96de000 r--p 003ac000 fc:01 7090506                    /usr/lib/x86_64-linux-gnu/librsvg-2.so.2.60.0
75bcc96de000-75bcc9773000 r--p 004dd000 fc:01 7090506                    /usr/lib/x86_64-linux-gnu/librsvg-2.so.2.60.0
75bcc9773000-75bcc9774000 rw-p 00572000 fc:01 7090506                    /usr/lib/x86_64-linux-gnu/librsvg-2.so.2.60.0
75bcc977f000-75bcc9781000 r--p 00000000 fc:01 7090323                    /usr/lib/x86_64-linux-gnu/libltdl.so.7.3.3
75bcc9781000-75bcc9786000 r-xp 00002000 fc:01 7090323                    /usr/lib/x86_64-linux-gnu/libltdl.so.7.3.3
75bcc9786000-75bcc9789000 r--p 00007000 fc:01 7090323                    /usr/lib/x86_64-linux-gnu/libltdl.so.7.3.3
75bcc9789000-75bcc978a000 r--p 0000a000 fc:01 7090323                    /usr/lib/x86_64-linux-gnu/libltdl.so.7.3.3
75bcc978a000-75bcc978b000 rw-p 0000b000 fc:01 7090323                    /usr/lib/x86_64-linux-gnu/libltdl.so.7.3.3
75bcc978b000-75bcc978d000 r--p 00000000 fc:01 7090642                    /usr/lib/x86_64-linux-gnu/libvorbisfile.so.3.3.8
75bcc978d000-75bcc9793000 r-xp 00002000 fc:01 7090642                    /usr/lib/x86_64-linux-gnu/libvorbisfile.so.3.3.8
75bcc9793000-75bcc9795000 r--p 00008000 fc:01 7090642                    /usr/lib/x86_64-linux-gnu/libvorbisfile.so.3.3.8
75bcc9795000-75bcc9796000 r--p 00009000 fc:01 7090642                    /usr/lib/x86_64-linux-gnu/libvorbisfile.so.3.3.8
75bcc9796000-75bcc9797000 rw-p 0000a000 fc:01 7090642                    /usr/lib/x86_64-linux-gnu/libvorbisfile.so.3.3.8
75bcc9797000-75bcc97b7000 r--p 00000000 fc:01 7080150                    /usr/lib/x86_64-linux-gnu/libxml2.so.16.0.5
75bcc97b7000-75bcc98b9000 r-xp 00020000 fc:01 7080150                    /usr/lib/x86_64-linux-gnu/libxml2.so.16.0.5
75bcc98b9000-75bcc98f7000 r--p 00122000 fc:01 7080150                    /usr/lib/x86_64-linux-gnu/libxml2.so.16.0.5
75bcc98f7000-75bcc98fe000 r--p 0015f000 fc:01 7080150                    /usr/lib/x86_64-linux-gnu/libxml2.so.16.0.5
75bcc98fe000-75bcc98ff000 rw-p 00166000 fc:01 7080150                    /usr/lib/x86_64-linux-gnu/libxml2.so.16.0.5
75bcc98ff000-75bcc9900000 rw-p 00000000 00:00 0 
75bcc9900000-75bcc9904000 ---p 00000000 00:00 0 
75bcc9904000-75bcc9a00000 rw-p 00000000 00:00 0 
75bcc9a00000-75bcc9a02000 r-xp 00000000 fc:01 58196659                   /home/aminvell/snap/dbeaver-ce/543/.local/share/DBeaverData/install-data/org.jkiss.dbeaver.product/26.1.5-202608181400/org.eclipse.osgi/49/0/.cp/os/linux/x86_64/libunixfile_1_0_0.so
75bcc9a02000-75bcc9c01000 ---p 00002000 fc:01 58196659                   /home/aminvell/snap/dbeaver-ce/543/.local/share/DBeaverData/install-data/org.jkiss.dbeaver.product/26.1.5-202608181400/org.eclipse.osgi/49/0/.cp/os/linux/x86_64/libunixfile_1_0_0.so
75bcc9c01000-75bcc9c02000 r--p 00001000 fc:01 58196659                   /home/aminvell/snap/dbeaver-ce/543/.local/share/DBeaverData/install-data/org.jkiss.dbeaver.product/26.1.5-202608181400/org.eclipse.osgi/49/0/.cp/os/linux/x86_64/libunixfile_1_0_0.so
75bcc9c02000-75bcc9c03000 rw-p 00002000 fc:01 58196659                   /home/aminvell/snap/dbeaver-ce/543/.local/share/DBeaverData/install-data/org.jkiss.dbeaver.product/26.1.5-202608181400/org.eclipse.osgi/49/0/.cp/os/linux/x86_64/libunixfile_1_0_0.so
75bcc9c04000-75bcc9c07000 r--p 00000000 fc:01 7090018                    /usr/lib/x86_64-linux-gnu/libcanberra.so.0.2.5
75bcc9c07000-75bcc9c11000 r-xp 00003000 fc:01 7090018                    /usr/lib/x86_64-linux-gnu/libcanberra.so.0.2.5
75bcc9c11000-75bcc9c15000 r--p 0000d000 fc:01 7090018                    /usr/lib/x86_64-linux-gnu/libcanberra.so.0.2.5
75bcc9c15000-75bcc9c16000 r--p 00011000 fc:01 7090018                    /usr/lib/x86_64-linux-gnu/libcanberra.so.0.2.5
75bcc9c16000-75bcc9c17000 rw-p 00012000 fc:01 7090018                    /usr/lib/x86_64-linux-gnu/libcanberra.so.0.2.5
75bcc9c17000-75bcc9c1b000 r--p 00000000 fc:01 7090148                    /usr/lib/x86_64-linux-gnu/libgcc_s.so.1
75bcc9c1b000-75bcc9c3e000 r-xp 00004000 fc:01 7090148                    /usr/lib/x86_64-linux-gnu/libgcc_s.so.1
75bcc9c3e000-75bcc9c42000 r--p 00027000 fc:01 7090148                    /usr/lib/x86_64-linux-gnu/libgcc_s.so.1
75bcc9c42000-75bcc9c43000 r--p 0002a000 fc:01 7090148                    /usr/lib/x86_64-linux-gnu/libgcc_s.so.1
75bcc9c43000-75bcc9c44000 rw-p 0002b000 fc:01 7090148                    /usr/lib/x86_64-linux-gnu/libgcc_s.so.1
75bcc9c44000-75bcc9c4a000 r--p 00000000 fc:01 7226930                    /usr/lib/x86_64-linux-gnu/gdk-pixbuf-2.0/2.10.0/loaders/libpixbufloader_svg.so
75bcc9c4a000-75bcc9c8b000 r-xp 00006000 fc:01 7226930                    /usr/lib/x86_64-linux-gnu/gdk-pixbuf-2.0/2.10.0/loaders/libpixbufloader_svg.so
75bcc9c8b000-75bcc9c99000 r--p 00047000 fc:01 7226930                    /usr/lib/x86_64-linux-gnu/gdk-pixbuf-2.0/2.10.0/loaders/libpixbufloader_svg.so
75bcc9c99000-75bcc9c9c000 r--p 00055000 fc:01 7226930                    /usr/lib/x86_64-linux-gnu/gdk-pixbuf-2.0/2.10.0/loaders/libpixbufloader_svg.so
75bcc9c9c000-75bcc9c9d000 rw-p 00058000 fc:01 7226930                    /usr/lib/x86_64-linux-gnu/gdk-pixbuf-2.0/2.10.0/loaders/libpixbufloader_svg.so
75bcc9c9d000-75bcc9ca1000 ---p 00000000 00:00 0 
75bcc9ca1000-75bcc9d9d000 rw-p 00000000 00:00 0 
75bcc9d9d000-75bcc9da1000 ---p 00000000 00:00 0 
75bcc9da1000-75bcc9e9d000 rw-p 00000000 00:00 0 
75bcc9e9d000-75bcc9ea1000 ---p 00000000 00:00 0 
75bcc9ea1000-75bcc9f9d000 rw-p 00000000 00:00 0 
75bcc9f9d000-75bcc9fa8000 r--p 00000000 07:34 1833                       /snap/dbeaver-ce/543/usr/share/dbeaver-ce/jre/lib/libfreetype.so
75bcc9fa8000-75bcca020000 r-xp 0000b000 07:34 1833                       /snap/dbeaver-ce/543/usr/share/dbeaver-ce/jre/lib/libfreetype.so
75bcca020000-75bcca044000 r--p 00083000 07:34 1833                       /snap/dbeaver-ce/543/usr/share/dbeaver-ce/jre/lib/libfreetype.so
75bcca044000-75bcca04a000 r--p 000a7000 07:34 1833                       /snap/dbeaver-ce/543/usr/share/dbeaver-ce/jre/lib/libfreetype.so
75bcca04a000-75bcca04b000 rw-p 000ad000 07:34 1833                       /snap/dbeaver-ce/543/usr/share/dbeaver-ce/jre/lib/libfreetype.so
75bcca04b000-75bcca052000 r--p 00000000 07:34 1832                       /snap/dbeaver-ce/543/usr/share/dbeaver-ce/jre/lib/libfontmanager.so
75bcca052000-75bcca1d5000 r-xp 00007000 07:34 1832                       /snap/dbeaver-ce/543/usr/share/dbeaver-ce/jre/lib/libfontmanager.so
75bcca1d5000-75bcca211000 r--p 0018a000 07:34 1832                       /snap/dbeaver-ce/543/usr/share/dbeaver-ce/jre/lib/libfontmanager.so
75bcca211000-75bcca213000 r--p 001c6000 07:34 1832                       /snap/dbeaver-ce/543/usr/share/dbeaver-ce/jre/lib/libfontmanager.so
75bcca213000-75bcca214000 rw-p 001c8000 07:34 1832                       /snap/dbeaver-ce/543/usr/share/dbeaver-ce/jre/lib/libfontmanager.so
75bcca214000-75bcca215000 rw-p 00000000 00:00 0 
75bcca215000-75bcca226000 r--p 00000000 07:34 1830                       /snap/dbeaver-ce/543/usr/share/dbeaver-ce/jre/lib/libawt_xawt.so
75bcca226000-75bcca269000 r-xp 00011000 07:34 1830                       /snap/dbeaver-ce/543/usr/share/dbeaver-ce/jre/lib/libawt_xawt.so
75bcca269000-75bcca27d000 r--p 00054000 07:34 1830                       /snap/dbeaver-ce/543/usr/share/dbeaver-ce/jre/lib/libawt_xawt.so
75bcca27d000-75bcca27f000 r--p 00067000 07:34 1830                       /snap/dbeaver-ce/543/usr/share/dbeaver-ce/jre/lib/libawt_xawt.so
75bcca27f000-75bcca281000 rw-p 00069000 07:34 1830                       /snap/dbeaver-ce/543/usr/share/dbeaver-ce/jre/lib/libawt_xawt.so
75bcca281000-75bcca283000 rw-p 00000000 00:00 0 
75bcca283000-75bcca2a2000 r--p 00000000 07:34 1828                       /snap/dbeaver-ce/543/usr/share/dbeaver-ce/jre/lib/libawt.so
75bcca2a2000-75bcca340000 r-xp 0001f000 07:34 1828                       /snap/dbeaver-ce/543/usr/share/dbeaver-ce/jre/lib/libawt.so
75bcca340000-75bcca34d000 r--p 000bd000 07:34 1828                       /snap/dbeaver-ce/543/usr/share/dbeaver-ce/jre/lib/libawt.so
75bcca34d000-75bcca34e000 r--p 000c9000 07:34 1828                       /snap/dbeaver-ce/543/usr/share/dbeaver-ce/jre/lib/libawt.so
75bcca34e000-75bcca359000 rw-p 000ca000 07:34 1828                       /snap/dbeaver-ce/543/usr/share/dbeaver-ce/jre/lib/libawt.so
75bcca359000-75bcca37e000 rw-p 00000000 00:00 0 
75bcca37e000-75bcca3b9000 r--p 00000000 fc:01 58196628                   /home/aminvell/snap/dbeaver-ce/543/.local/share/DBeaverData/install-data/org.jkiss.dbeaver.product/26.1.5-202608181400/org.eclipse.osgi/152/0/.cp/libswt-pi3-gtk-4973r12.so
75bcca3b9000-75bcca3da000 r-xp 0003b000 fc:01 58196628                   /home/aminvell/snap/dbeaver-ce/543/.local/share/DBeaverData/install-data/org.jkiss.dbeaver.product/26.1.5-202608181400/org.eclipse.osgi/152/0/.cp/libswt-pi3-gtk-4973r12.so
75bcca3da000-75bcca3ed000 r--p 0005c000 fc:01 58196628                   /home/aminvell/snap/dbeaver-ce/543/.local/share/DBeaverData/install-data/org.jkiss.dbeaver.product/26.1.5-202608181400/org.eclipse.osgi/152/0/.cp/libswt-pi3-gtk-4973r12.so
75bcca3ed000-75bcca3ee000 r--p 0006e000 fc:01 58196628                   /home/aminvell/snap/dbeaver-ce/543/.local/share/DBeaverData/install-data/org.jkiss.dbeaver.product/26.1.5-202608181400/org.eclipse.osgi/152/0/.cp/libswt-pi3-gtk-4973r12.so
75bcca3ee000-75bcca3f1000 rw-p 0006f000 fc:01 58196628                   /home/aminvell/snap/dbeaver-ce/543/.local/share/DBeaverData/install-data/org.jkiss.dbeaver.product/26.1.5-202608181400/org.eclipse.osgi/152/0/.cp/libswt-pi3-gtk-4973r12.so
75bcca3f1000-75bcca3f2000 rw-p 00000000 00:00 0 
75bcca3f2000-75bcca3f6000 ---p 00000000 00:00 0 
75bcca3f6000-75bcca4f2000 rw-p 00000000 00:00 0 
75bcca4f2000-75bcca4f6000 ---p 00000000 00:00 0 
75bcca4f6000-75bcca5f2000 rw-p 00000000 00:00 0 
75bcca5f2000-75bcca5f6000 ---p 00000000 00:00 0 
75bcca5f6000-75bcca6f2000 rw-p 00000000 00:00 0 
75bcca6f2000-75bcca6f6000 ---p 00000000 00:00 0 
75bcca6f6000-75bcca9f4000 rw-p 00000000 00:00 0 
75bcca9f4000-75bcca9f8000 ---p 00000000 00:00 0 
75bcca9f8000-75bccaaf4000 rw-p 00000000 00:00 0 
75bccaaf4000-75bccaaf8000 ---p 00000000 00:00 0 
75bccaaf8000-75bccabf4000 rw-p 00000000 00:00 0 
75bccabf4000-75bccabf8000 ---p 00000000 00:00 0 
75bccabf8000-75bccb0f8000 rw-p 00000000 00:00 0 
75bccb0f8000-75bccb0fc000 ---p 00000000 00:00 0 
75bccb0fc000-75bccb1f8000 rw-p 00000000 00:00 0 
75bccb1f8000-75bccb1fc000 ---p 00000000 00:00 0 
75bccb1fc000-75bccb2f8000 rw-p 00000000 00:00 0 
75bccb2f8000-75bccb2fc000 ---p 00000000 00:00 0 
75bccb2fc000-75bccb3f8000 rw-p 00000000 00:00 0 
75bccb3f8000-75bccb3fc000 ---p 00000000 00:00 0 
75bccb3fc000-75bccbd00000 rw-p 00000000 00:00 0 
75bccbd00000-75bccbd04000 ---p 00000000 00:00 0 
75bccbd04000-75bccbe00000 rw-p 00000000 00:00 0 
75bccbe00000-75bccbe04000 ---p 00000000 00:00 0 
75bccbe04000-75bccbf00000 rw-p 00000000 00:00 0 
75bccbf00000-75bccbf04000 ---p 00000000 00:00 0 
75bccbf04000-75bccc000000 rw-p 00000000 00:00 0 
75bccc000000-75bccc021000 rw-p 00000000 00:00 0 
75bccc021000-75bcd0000000 ---p 00000000 00:00 0 
75bcd0000000-75bcd1b30000 rw-p 00000000 00:00 0 
75bcd1b30000-75bcd4000000 ---p 00000000 00:00 0 
75bcd4000000-75bcd4021000 rw-p 00000000 00:00 0 
75bcd4021000-75bcd8000000 ---p 00000000 00:00 0 
75bcd8000000-75bcd8021000 rw-p 00000000 00:00 0 
75bcd8021000-75bcdc000000 ---p 00000000 00:00 0 
75bcdc000000-75bcdc021000 rw-p 00000000 00:00 0 
75bcdc021000-75bce0000000 ---p 00000000 00:00 0 
75bce0000000-75bce0021000 rw-p 00000000 00:00 0 
75bce0021000-75bce4000000 ---p 00000000 00:00 0 
75bce4000000-75bce407b000 rw-p 00000000 00:00 0 
75bce407b000-75bce8000000 ---p 00000000 00:00 0 
75bce8000000-75bce8021000 rw-p 00000000 00:00 0 
75bce8021000-75bcec000000 ---p 00000000 00:00 0 
75bcec009000-75bcec048000 r--p 00000000 fc:01 58196623                   /home/aminvell/snap/dbeaver-ce/543/.local/share/DBeaverData/install-data/org.jkiss.dbeaver.product/26.1.5-202608181400/org.eclipse.osgi/152/0/.cp/libswt-gtk-4973r12.so
75bcec048000-75bcec071000 r-xp 0003f000 fc:01 58196623                   /home/aminvell/snap/dbeaver-ce/543/.local/share/DBeaverData/install-data/org.jkiss.dbeaver.product/26.1.5-202608181400/org.eclipse.osgi/152/0/.cp/libswt-gtk-4973r12.so
75bcec071000-75bcec096000 r--p 00068000 fc:01 58196623                   /home/aminvell/snap/dbeaver-ce/543/.local/share/DBeaverData/install-data/org.jkiss.dbeaver.product/26.1.5-202608181400/org.eclipse.osgi/152/0/.cp/libswt-gtk-4973r12.so
75bcec096000-75bcec097000 r--p 0008c000 fc:01 58196623                   /home/aminvell/snap/dbeaver-ce/543/.local/share/DBeaverData/install-data/org.jkiss.dbeaver.product/26.1.5-202608181400/org.eclipse.osgi/152/0/.cp/libswt-gtk-4973r12.so
75bcec097000-75bcec09f000 rw-p 0008d000 fc:01 58196623                   /home/aminvell/snap/dbeaver-ce/543/.local/share/DBeaverData/install-data/org.jkiss.dbeaver.product/26.1.5-202608181400/org.eclipse.osgi/152/0/.cp/libswt-gtk-4973r12.so
75bcec09f000-75bcec0a3000 rw-p 00000000 00:00 0 
75bcec0a3000-75bcec0a7000 ---p 00000000 00:00 0 
75bcec0a7000-75bcec1a3000 rw-p 00000000 00:00 0 
75bcec1a3000-75bcec2ab000 r--p 00000000 fc:01 7341358                    /usr/share/fonts/truetype/ubuntu/UbuntuSans[wdth,wght].ttf
75bcec2ab000-75bcec3b3000 r--p 00000000 fc:01 7341358                    /usr/share/fonts/truetype/ubuntu/UbuntuSans[wdth,wght].ttf
75bcec3b3000-75bcec5f3000 rw-s 00000000 00:01 7322                       /memfd:wayland-cursor (deleted)
75bcec5f3000-75bcec665000 r--s 00000000 fc:01 57678717                   /home/aminvell/.cache/fontconfig/0bd3dc0958fa2205aaaa8ebb13e2872b-le64.cache-9
75bcec67f000-75bcec6da000 r--s 00000000 fc:01 57678718                   /home/aminvell/.cache/fontconfig/2300eef321c393bfd76478a5c0e95b23-le64.cache-9
75bcec6da000-75bcec6dc000 r--p 00000000 fc:01 7090419                    /usr/lib/x86_64-linux-gnu/libogg.so.0.8.5
75bcec6dc000-75bcec6df000 r-xp 00002000 fc:01 7090419                    /usr/lib/x86_64-linux-gnu/libogg.so.0.8.5
75bcec6df000-75bcec6e2000 r--p 00005000 fc:01 7090419                    /usr/lib/x86_64-linux-gnu/libogg.so.0.8.5
75bcec6e2000-75bcec6e3000 r--p 00007000 fc:01 7090419                    /usr/lib/x86_64-linux-gnu/libogg.so.0.8.5
75bcec6e3000-75bcec6e4000 rw-p 00008000 fc:01 7090419                    /usr/lib/x86_64-linux-gnu/libogg.so.0.8.5
75bcec6e4000-75bcec6e6000 r--p 00000000 fc:01 7090017                    /usr/lib/x86_64-linux-gnu/libcanberra-gtk3.so.0.1.9
75bcec6e6000-75bcec6e8000 r-xp 00002000 fc:01 7090017                    /usr/lib/x86_64-linux-gnu/libcanberra-gtk3.so.0.1.9
75bcec6e8000-75bcec6e9000 r--p 00004000 fc:01 7090017                    /usr/lib/x86_64-linux-gnu/libcanberra-gtk3.so.0.1.9
75bcec6e9000-75bcec6ea000 r--p 00004000 fc:01 7090017                    /usr/lib/x86_64-linux-gnu/libcanberra-gtk3.so.0.1.9
75bcec6ea000-75bcec6eb000 rw-p 00005000 fc:01 7090017                    /usr/lib/x86_64-linux-gnu/libcanberra-gtk3.so.0.1.9
75bcec6eb000-75bcec6ed000 r--p 00000000 fc:01 7227182                    /usr/lib/x86_64-linux-gnu/gtk-3.0/modules/libcanberra-gtk3-module.so
75bcec6ed000-75bcec6f0000 r-xp 00002000 fc:01 7227182                    /usr/lib/x86_64-linux-gnu/gtk-3.0/modules/libcanberra-gtk3-module.so
75bcec6f0000-75bcec6f1000 r--p 00005000 fc:01 7227182                    /usr/lib/x86_64-linux-gnu/gtk-3.0/modules/libcanberra-gtk3-module.so
75bcec6f1000-75bcec6f2000 r--p 00006000 fc:01 7227182                    /usr/lib/x86_64-linux-gnu/gtk-3.0/modules/libcanberra-gtk3-module.so
75bcec6f2000-75bcec6f3000 rw-p 00007000 fc:01 7227182                    /usr/lib/x86_64-linux-gnu/gtk-3.0/modules/libcanberra-gtk3-module.so
75bcec6f3000-75bcec6f6000 r--p 00000000 fc:01 58196740                   /home/aminvell/snap/dbeaver-ce/543/.local/share/DBeaverData/install-data/org.jkiss.dbeaver.product/26.1.5-202608181400/org.eclipse.osgi/152/0/.cp/libswt-atk-gtk-4973r12.so
75bcec6f6000-75bcec6fa000 r-xp 00003000 fc:01 58196740                   /home/aminvell/snap/dbeaver-ce/543/.local/share/DBeaverData/install-data/org.jkiss.dbeaver.product/26.1.5-202608181400/org.eclipse.osgi/152/0/.cp/libswt-atk-gtk-4973r12.so
75bcec6fa000-75bcec6fc000 r--p 00007000 fc:01 58196740                   /home/aminvell/snap/dbeaver-ce/543/.local/share/DBeaverData/install-data/org.jkiss.dbeaver.product/26.1.5-202608181400/org.eclipse.osgi/152/0/.cp/libswt-atk-gtk-4973r12.so
75bcec6fc000-75bcec6fd000 r--p 00008000 fc:01 58196740                   /home/aminvell/snap/dbeaver-ce/543/.local/share/DBeaverData/install-data/org.jkiss.dbeaver.product/26.1.5-202608181400/org.eclipse.osgi/152/0/.cp/libswt-atk-gtk-4973r12.so
75bcec6fd000-75bcec6fe000 rw-p 00009000 fc:01 58196740                   /home/aminvell/snap/dbeaver-ce/543/.local/share/DBeaverData/install-data/org.jkiss.dbeaver.product/26.1.5-202608181400/org.eclipse.osgi/152/0/.cp/libswt-atk-gtk-4973r12.so
75bcec6fe000-75bcec6ff000 r--p 00000000 07:34 1831                       /snap/dbeaver-ce/543/usr/share/dbeaver-ce/jre/lib/libextnet.so
75bcec6ff000-75bcec700000 r-xp 00001000 07:34 1831                       /snap/dbeaver-ce/543/usr/share/dbeaver-ce/jre/lib/libextnet.so
75bcec700000-75bcec701000 r--p 00002000 07:34 1831                       /snap/dbeaver-ce/543/usr/share/dbeaver-ce/jre/lib/libextnet.so
75bcec701000-75bcec702000 r--p 00002000 07:34 1831                       /snap/dbeaver-ce/543/usr/share/dbeaver-ce/jre/lib/libextnet.so
75bcec702000-75bcec703000 rw-p 00003000 07:34 1831                       /snap/dbeaver-ce/543/usr/share/dbeaver-ce/jre/lib/libextnet.so
75bcec703000-75bcec734000 r--p 00000000 fc:01 7364867                    /usr/share/icons/Yaru/icon-theme.cache
75bcec734000-75bcec738000 r--p 00000000 07:34 1855                       /snap/dbeaver-ce/543/usr/share/dbeaver-ce/jre/lib/libverify.so
75bcec738000-75bcec741000 r-xp 00004000 07:34 1855                       /snap/dbeaver-ce/543/usr/share/dbeaver-ce/jre/lib/libverify.so
75bcec741000-75bcec743000 r--p 0000d000 07:34 1855                       /snap/dbeaver-ce/543/usr/share/dbeaver-ce/jre/lib/libverify.so
75bcec743000-75bcec745000 r--p 0000e000 07:34 1855                       /snap/dbeaver-ce/543/usr/share/dbeaver-ce/jre/lib/libverify.so
75bcec745000-75bcec746000 rw-p 00010000 07:34 1855                       /snap/dbeaver-ce/543/usr/share/dbeaver-ce/jre/lib/libverify.so
75bcec746000-75bcec7fa000 r--p 00000000 fc:01 7494507                    /usr/share/themes/Yaru-magenta-dark/gtk-3.0/gtk.gresource
75bcec7fa000-75bcef800000 rw-p 00000000 00:00 0 
75bcef800000-75bcef88b000 r--p 00000000 fc:01 7090225                    /usr/lib/x86_64-linux-gnu/libgtk-3.so.0.2418.32
75bcef88b000-75bcefc3f000 r-xp 0008b000 fc:01 7090225                    /usr/lib/x86_64-linux-gnu/libgtk-3.so.0.2418.32
75bcefc3f000-75bceff96000 r--p 0043f000 fc:01 7090225                    /usr/lib/x86_64-linux-gnu/libgtk-3.so.0.2418.32
75bceff96000-75bceffa8000 r--p 00795000 fc:01 7090225                    /usr/lib/x86_64-linux-gnu/libgtk-3.so.0.2418.32
75bceffa8000-75bceffaa000 rw-p 007a7000 fc:01 7090225                    /usr/lib/x86_64-linux-gnu/libgtk-3.so.0.2418.32
75bceffaa000-75bceffaf000 rw-p 00000000 00:00 0 
75bceffb1000-75bceffb7000 r--p 00000000 fc:01 58196635                   /home/aminvell/snap/dbeaver-ce/543/.local/share/DBeaverData/install-data/org.jkiss.dbeaver.product/26.1.5-202608181400/org.eclipse.osgi/152/0/.cp/libswt-cairo-gtk-4973r12.so
75bceffb7000-75bceffba000 r-xp 00006000 fc:01 58196635                   /home/aminvell/snap/dbeaver-ce/543/.local/share/DBeaverData/install-data/org.jkiss.dbeaver.product/26.1.5-202608181400/org.eclipse.osgi/152/0/.cp/libswt-cairo-gtk-4973r12.so
75bceffba000-75bceffbc000 r--p 00009000 fc:01 58196635                   /home/aminvell/snap/dbeaver-ce/543/.local/share/DBeaverData/install-data/org.jkiss.dbeaver.product/26.1.5-202608181400/org.eclipse.osgi/152/0/.cp/libswt-cairo-gtk-4973r12.so
75bceffbc000-75bceffbd000 r--p 0000a000 fc:01 58196635                   /home/aminvell/snap/dbeaver-ce/543/.local/share/DBeaverData/install-data/org.jkiss.dbeaver.product/26.1.5-202608181400/org.eclipse.osgi/152/0/.cp/libswt-cairo-gtk-4973r12.so
75bceffbd000-75bceffbe000 rw-p 0000b000 fc:01 58196635                   /home/aminvell/snap/dbeaver-ce/543/.local/share/DBeaverData/install-data/org.jkiss.dbeaver.product/26.1.5-202608181400/org.eclipse.osgi/152/0/.cp/libswt-cairo-gtk-4973r12.so
75bceffbe000-75bceffd1000 r--p 00000000 fc:01 7225424                    /usr/lib/x86_64-linux-gnu/gvfs/libgvfscommon.so
75bceffd1000-75bceffed000 r-xp 00013000 fc:01 7225424                    /usr/lib/x86_64-linux-gnu/gvfs/libgvfscommon.so
75bceffed000-75bcefff9000 r--p 0002f000 fc:01 7225424                    /usr/lib/x86_64-linux-gnu/gvfs/libgvfscommon.so
75bcefff9000-75bceffff000 r--p 0003a000 fc:01 7225424                    /usr/lib/x86_64-linux-gnu/gvfs/libgvfscommon.so
75bceffff000-75bcf0000000 rw-p 00040000 fc:01 7225424                    /usr/lib/x86_64-linux-gnu/gvfs/libgvfscommon.so
75bcf0000000-75bcf04e0000 rw-p 00000000 00:00 0 
75bcf04e0000-75bcf4000000 ---p 00000000 00:00 0 
75bcf4000000-75bcf4021000 rw-p 00000000 00:00 0 
75bcf4021000-75bcf8000000 ---p 00000000 00:00 0 
75bcf8000000-75bcf84f5000 rw-p 00000000 00:00 0 
75bcf84f5000-75bcfc000000 ---p 00000000 00:00 0 
75bcfc000000-75bcfc460000 rw-p 00000000 00:00 0 
75bcfc460000-75bd00000000 ---p 00000000 00:00 0 
75bd00000000-75bd00a36000 rw-p 00000000 00:00 0 
75bd00a36000-75bd04000000 ---p 00000000 00:00 0 
75bd04000000-75bd04694000 rw-p 00000000 00:00 0 
75bd04694000-75bd08000000 ---p 00000000 00:00 0 
75bd08000000-75bd08021000 rw-p 00000000 00:00 0 
75bd08021000-75bd0c000000 ---p 00000000 00:00 0 
75bd0c000000-75bd0c021000 rw-p 00000000 00:00 0 
75bd0c021000-75bd10000000 ---p 00000000 00:00 0 
75bd10000000-75bd10021000 rw-p 00000000 00:00 0 
75bd10021000-75bd14000000 ---p 00000000 00:00 0 
75bd14000000-75bd14021000 rw-p 00000000 00:00 0 
75bd14021000-75bd18000000 ---p 00000000 00:00 0 
75bd18000000-75bd18024000 rw-p 00000000 00:00 0 
75bd18024000-75bd1c000000 ---p 00000000 00:00 0 
75bd1c000000-75bd1c021000 rw-p 00000000 00:00 0 
75bd1c021000-75bd20000000 ---p 00000000 00:00 0 
75bd20000000-75bd20500000 rw-p 00000000 00:00 0 
75bd20500000-75bd20520000 rw-p 00000000 00:00 0 
75bd20520000-75bd20540000 rw-p 00000000 00:00 0 
75bd20540000-75bd20580000 rw-p 00000000 00:00 0 
75bd20580000-75bd20700000 rw-p 00000000 00:00 0 
75bd20700000-75bd20720000 rw-p 00000000 00:00 0 
75bd20720000-75bd20740000 rw-p 00000000 00:00 0 
75bd20740000-75bd20780000 rw-p 00000000 00:00 0 
75bd20780000-75bd20900000 rw-p 00000000 00:00 0 
75bd20900000-75bd20920000 rw-p 00000000 00:00 0 
75bd20920000-75bd20940000 rw-p 00000000 00:00 0 
75bd20940000-75bd20980000 rw-p 00000000 00:00 0 
75bd20980000-75bd20b00000 rw-p 00000000 00:00 0 
75bd20b00000-75bd20b80000 rw-p 00000000 00:00 0 
75bd20b80000-75bd20c00000 rw-p 00000000 00:00 0 
75bd20c00000-75bd20e00000 rw-p 00000000 00:00 0 
75bd20e00000-75bd20fc0000 rw-p 00000000 00:00 0 
75bd20fc0000-75bd21100000 rw-p 00000000 00:00 0 
75bd21100000-75bd21300000 rw-p 00000000 00:00 0 
75bd21300000-75bd21400000 rw-p 00000000 00:00 0 
75bd21400000-75bd21880000 rw-p 00000000 00:00 0 
75bd21880000-75bd21900000 rw-p 00000000 00:00 0 
75bd21900000-75bd21b00000 rw-p 00000000 00:00 0 
75bd21b00000-75bd21c00000 rw-p 00000000 00:00 0 
75bd21c00000-75bd22300000 rw-p 00000000 00:00 0 
75bd22300000-75bd22400000 rw-p 00000000 00:00 0 
75bd22400000-75bd22f00000 rw-p 00000000 00:00 0 
75bd22f00000-75bd22f10000 rw-p 00000000 00:00 0 
75bd22f10000-75bd23000000 ---p 00000000 00:00 0 
75bd23000000-75bd23080000 rw-p 00000000 00:00 0 
75bd23080000-75bd24000000 ---p 00000000 00:00 0 
75bd24000000-75bd24021000 rw-p 00000000 00:00 0 
75bd24021000-75bd28000000 ---p 00000000 00:00 0 
75bd28000000-75bd28021000 rw-p 00000000 00:00 0 
75bd28021000-75bd2c000000 ---p 00000000 00:00 0 
75bd2c000000-75bd2c021000 rw-p 00000000 00:00 0 
75bd2c021000-75bd30000000 ---p 00000000 00:00 0 
75bd30004000-75bd3000f000 r--p 00000000 fc:01 7225428                    /usr/lib/x86_64-linux-gnu/gio/modules/libgvfsdbus.so
75bd3000f000-75bd3002d000 r-xp 0000b000 fc:01 7225428                    /usr/lib/x86_64-linux-gnu/gio/modules/libgvfsdbus.so
75bd3002d000-75bd30035000 r--p 00029000 fc:01 7225428                    /usr/lib/x86_64-linux-gnu/gio/modules/libgvfsdbus.so
75bd30035000-75bd30037000 r--p 00031000 fc:01 7225428                    /usr/lib/x86_64-linux-gnu/gio/modules/libgvfsdbus.so
75bd30037000-75bd30038000 rw-p 00033000 fc:01 7225428                    /usr/lib/x86_64-linux-gnu/gio/modules/libgvfsdbus.so
75bd30038000-75bd30049000 r--s 00000000 fc:01 57678713                   /home/aminvell/.cache/fontconfig/9b89f8e3dae116d678bbf48e5f21f69b-le64.cache-9
75bd30049000-75bd3004b000 r--p 00000000 fc:01 7227178                    /usr/lib/x86_64-linux-gnu/gtk-3.0/3.0.0/immodules/im-wayland.so
75bd3004b000-75bd3004d000 r-xp 00002000 fc:01 7227178                    /usr/lib/x86_64-linux-gnu/gtk-3.0/3.0.0/immodules/im-wayland.so
75bd3004d000-75bd3004e000 r--p 00004000 fc:01 7227178                    /usr/lib/x86_64-linux-gnu/gtk-3.0/3.0.0/immodules/im-wayland.so
75bd3004e000-75bd3004f000 r--p 00005000 fc:01 7227178                    /usr/lib/x86_64-linux-gnu/gtk-3.0/3.0.0/immodules/im-wayland.so
75bd3004f000-75bd30050000 rw-p 00006000 fc:01 7227178                    /usr/lib/x86_64-linux-gnu/gtk-3.0/3.0.0/immodules/im-wayland.so
75bd30050000-75bd3005a000 r--p 00000000 fc:01 7354952                    /usr/share/icons/Adwaita/icon-theme.cache
75bd3005a000-75bd30068000 r--s 00000000 fc:01 57678704                   /home/aminvell/.cache/fontconfig/e13b20fdb08344e0e664864cc2ede53d-le64.cache-9
75bd3006b000-75bd30070000 r--p 00000000 fc:01 7345395                    /usr/share/icons/hicolor/icon-theme.cache
75bd30070000-75bd30098000 r--s 00000000 fc:01 7209281                    /usr/share/mime/mime.cache
75bd30098000-75bd300bb000 r--p 00000000 fc:01 7475680                    /usr/share/locale-langpack/it/LC_MESSAGES/glib20.mo
75bd300bb000-75bd300c9000 r--s 00000000 fc:01 57678719                   /home/aminvell/.cache/fontconfig/a4e60e8d1e10d2fdff3fe3037a1845fb-le64.cache-9
75bd300ca000-75bd300cb000 r--p 00000000 07:34 1836                       /snap/dbeaver-ce/543/usr/share/dbeaver-ce/jre/lib/libjaas.so
75bd300cb000-75bd300cc000 r-xp 00001000 07:34 1836                       /snap/dbeaver-ce/543/usr/share/dbeaver-ce/jre/lib/libjaas.so
75bd300cc000-75bd300cd000 r--p 00002000 07:34 1836                       /snap/dbeaver-ce/543/usr/share/dbeaver-ce/jre/lib/libjaas.so
75bd300cd000-75bd300ce000 r--p 00002000 07:34 1836                       /snap/dbeaver-ce/543/usr/share/dbeaver-ce/jre/lib/libjaas.so
75bd300ce000-75bd300cf000 rw-p 00003000 07:34 1836                       /snap/dbeaver-ce/543/usr/share/dbeaver-ce/jre/lib/libjaas.so
75bd300cf000-75bd300d1000 r--p 00000000 fc:01 7089849                    /usr/lib/x86_64-linux-gnu/libXtst.so.6.1.0
75bd300d1000-75bd300d4000 r-xp 00002000 fc:01 7089849                    /usr/lib/x86_64-linux-gnu/libXtst.so.6.1.0
75bd300d4000-75bd300d5000 r--p 00005000 fc:01 7089849                    /usr/lib/x86_64-linux-gnu/libXtst.so.6.1.0
75bd300d5000-75bd300d6000 r--p 00005000 fc:01 7089849                    /usr/lib/x86_64-linux-gnu/libXtst.so.6.1.0
75bd300d6000-75bd300d7000 rw-p 00006000 fc:01 7089849                    /usr/lib/x86_64-linux-gnu/libXtst.so.6.1.0
75bd300d7000-75bd300df000 r--s 00000000 fc:01 57678716                   /home/aminvell/.cache/fontconfig/3047814df9a2f067bd2d96a2b9c36e5a-le64.cache-9
75bd300e1000-75bd300e7000 r--p 00000000 fc:01 7475660                    /usr/share/locale-langpack/it/LC_MESSAGES/gdk-pixbuf.mo
75bd300e7000-75bd300f6000 r--s 00000000 fc:01 57678714                   /home/aminvell/.cache/fontconfig/6cc790b63b123a6a96ee260fcdad32a9-le64.cache-9
75bd300f9000-75bd30106000 r--s 00000000 fc:01 45881101                   /var/cache/fontconfig/d589a48862398ed80a3d6066f4f56f4c-le64.cache-9
75bd30106000-75bd3010b000 r--p 00000000 fc:01 57681107                   /home/aminvell/.config/dconf/user
75bd3010b000-75bd30133000 r--p 00000000 fc:01 7341925                    /usr/share/glib-2.0/schemas/gschemas.compiled
75bd30133000-75bd30168000 r--p 00000000 fc:01 7475739                    /usr/share/locale-langpack/it/LC_MESSAGES/gtk30-properties.mo
75bd30168000-75bd30183000 r--p 00000000 fc:01 7475740                    /usr/share/locale-langpack/it/LC_MESSAGES/gtk30.mo
75bd30183000-75bd30186000 r--p 00000000 fc:01 7079482                    /usr/lib/x86_64-linux-gnu/libcap.so.2.75
75bd30186000-75bd3018c000 r-xp 00003000 fc:01 7079482                    /usr/lib/x86_64-linux-gnu/libcap.so.2.75
75bd3018c000-75bd3018e000 r--p 00009000 fc:01 7079482                    /usr/lib/x86_64-linux-gnu/libcap.so.2.75
75bd3018e000-75bd3018f000 r--p 0000b000 fc:01 7079482                    /usr/lib/x86_64-linux-gnu/libcap.so.2.75
75bd3018f000-75bd30190000 rw-p 0000c000 fc:01 7079482                    /usr/lib/x86_64-linux-gnu/libcap.so.2.75
75bd30190000-75bd301aa000 r--p 00000000 fc:01 7078536                    /usr/lib/x86_64-linux-gnu/libsystemd.so.0.40.0
75bd301aa000-75bd3025c000 r-xp 0001a000 fc:01 7078536                    /usr/lib/x86_64-linux-gnu/libsystemd.so.0.40.0
75bd3025c000-75bd30292000 r--p 000cc000 fc:01 7078536                    /usr/lib/x86_64-linux-gnu/libsystemd.so.0.40.0
75bd30292000-75bd3029e000 r--p 00102000 fc:01 7078536                    /usr/lib/x86_64-linux-gnu/libsystemd.so.0.40.0
75bd3029e000-75bd3029f000 rw-p 0010e000 fc:01 7078536                    /usr/lib/x86_64-linux-gnu/libsystemd.so.0.40.0
75bd3029f000-75bd302a0000 rw-p 00000000 00:00 0 
75bd302a0000-75bd302ac000 r--p 00000000 fc:01 7090055                    /usr/lib/x86_64-linux-gnu/libdbus-1.so.3.38.3
75bd302ac000-75bd302dd000 r-xp 0000c000 fc:01 7090055                    /usr/lib/x86_64-linux-gnu/libdbus-1.so.3.38.3
75bd302dd000-75bd302ee000 r--p 0003d000 fc:01 7090055                    /usr/lib/x86_64-linux-gnu/libdbus-1.so.3.38.3
75bd302ee000-75bd302ef000 r--p 0004d000 fc:01 7090055                    /usr/lib/x86_64-linux-gnu/libdbus-1.so.3.38.3
75bd302ef000-75bd302f0000 rw-p 0004e000 fc:01 7090055                    /usr/lib/x86_64-linux-gnu/libdbus-1.so.3.38.3
75bd302f0000-75bd30301000 r--p 00000000 fc:01 7089965                    /usr/lib/x86_64-linux-gnu/libatspi.so.0.0.1
75bd30301000-75bd3031c000 r-xp 00011000 fc:01 7089965                    /usr/lib/x86_64-linux-gnu/libatspi.so.0.0.1
75bd3031c000-75bd30329000 r--p 0002c000 fc:01 7089965                    /usr/lib/x86_64-linux-gnu/libatspi.so.0.0.1
75bd30329000-75bd3032d000 r--p 00039000 fc:01 7089965                    /usr/lib/x86_64-linux-gnu/libatspi.so.0.0.1
75bd3032d000-75bd3032e000 rw-p 0003d000 fc:01 7089965                    /usr/lib/x86_64-linux-gnu/libatspi.so.0.0.1
75bd3032e000-75bd3033a000 r--p 00000000 fc:01 7089962                    /usr/lib/x86_64-linux-gnu/libatk-bridge-2.0.so.0.0.0
75bd3033a000-75bd30355000 r-xp 0000c000 fc:01 7089962                    /usr/lib/x86_64-linux-gnu/libatk-bridge-2.0.so.0.0.0
75bd30355000-75bd30369000 r--p 00027000 fc:01 7089962                    /usr/lib/x86_64-linux-gnu/libatk-bridge-2.0.so.0.0.0
75bd30369000-75bd3036a000 r--p 0003b000 fc:01 7089962                    /usr/lib/x86_64-linux-gnu/libatk-bridge-2.0.so.0.0.0
75bd3036a000-75bd3036c000 rw-p 0003c000 fc:01 7089962                    /usr/lib/x86_64-linux-gnu/libatk-bridge-2.0.so.0.0.0
75bd3036c000-75bd30377000 r--p 00000000 fc:01 7089961                    /usr/lib/x86_64-linux-gnu/libatk-1.0.so.0.25710.1
75bd30377000-75bd30387000 r-xp 0000b000 fc:01 7089961                    /usr/lib/x86_64-linux-gnu/libatk-1.0.so.0.25710.1
75bd30387000-75bd30392000 r--p 0001b000 fc:01 7089961                    /usr/lib/x86_64-linux-gnu/libatk-1.0.so.0.25710.1
75bd30392000-75bd30395000 r--p 00026000 fc:01 7089961                    /usr/lib/x86_64-linux-gnu/libatk-1.0.so.0.25710.1
75bd30395000-75bd30396000 rw-p 00029000 fc:01 7089961                    /usr/lib/x86_64-linux-gnu/libatk-1.0.so.0.25710.1
75bd30396000-75bd30397000 r--p 00000000 fc:01 7089999                    /usr/lib/x86_64-linux-gnu/libbrotlicommon.so.1.1.0
75bd30397000-75bd30398000 r-xp 00001000 fc:01 7089999                    /usr/lib/x86_64-linux-gnu/libbrotlicommon.so.1.1.0
75bd30398000-75bd303b7000 r--p 00002000 fc:01 7089999                    /usr/lib/x86_64-linux-gnu/libbrotlicommon.so.1.1.0
75bd303b7000-75bd303b8000 r--p 00021000 fc:01 7089999                    /usr/lib/x86_64-linux-gnu/libbrotlicommon.so.1.1.0
75bd303b8000-75bd303b9000 rw-p 00022000 fc:01 7089999                    /usr/lib/x86_64-linux-gnu/libbrotlicommon.so.1.1.0
75bd303b9000-75bd303c0000 r--p 00000000 fc:01 7078836                    /usr/lib/x86_64-linux-gnu/libblkid.so.1.1.0
75bd303c0000-75bd303e5000 r-xp 00007000 fc:01 7078836                    /usr/lib/x86_64-linux-gnu/libblkid.so.1.1.0
75bd303e5000-75bd303ee000 r--p 0002c000 fc:01 7078836                    /usr/lib/x86_64-linux-gnu/libblkid.so.1.1.0
75bd303ee000-75bd303f4000 r--p 00034000 fc:01 7078836                    /usr/lib/x86_64-linux-gnu/libblkid.so.1.1.0
75bd303f4000-75bd303f5000 rw-p 0003a000 fc:01 7078836                    /usr/lib/x86_64-linux-gnu/libblkid.so.1.1.0
75bd303f5000-75bd303f8000 r--p 00000000 fc:01 7080462                    /usr/lib/x86_64-linux-gnu/libgraphite2.so.3.2.1
75bd303f8000-75bd30416000 r-xp 00003000 fc:01 7080462                    /usr/lib/x86_64-linux-gnu/libgraphite2.so.3.2.1
75bd30416000-75bd30419000 r--p 00021000 fc:01 7080462                    /usr/lib/x86_64-linux-gnu/libgraphite2.so.3.2.1
75bd30419000-75bd3041b000 r--p 00023000 fc:01 7080462                    /usr/lib/x86_64-linux-gnu/libgraphite2.so.3.2.1
75bd3041b000-75bd3041c000 rw-p 00025000 fc:01 7080462                    /usr/lib/x86_64-linux-gnu/libgraphite2.so.3.2.1
75bd3041c000-75bd3041e000 r--p 00000000 fc:01 7090053                    /usr/lib/x86_64-linux-gnu/libdatrie.so.1.4.0
75bd3041e000-75bd30422000 r-xp 00002000 fc:01 7090053                    /usr/lib/x86_64-linux-gnu/libdatrie.so.1.4.0
75bd30422000-75bd30423000 r--p 00006000 fc:01 7090053                    /usr/lib/x86_64-linux-gnu/libdatrie.so.1.4.0
75bd30423000-75bd30424000 r--p 00006000 fc:01 7090053                    /usr/lib/x86_64-linux-gnu/libdatrie.so.1.4.0
75bd30424000-75bd30425000 rw-p 00007000 fc:01 7090053                    /usr/lib/x86_64-linux-gnu/libdatrie.so.1.4.0
75bd30425000-75bd30427000 r--p 00000000 fc:01 7089836                    /usr/lib/x86_64-linux-gnu/libXdmcp.so.6.0.0
75bd30427000-75bd30429000 r-xp 00002000 fc:01 7089836                    /usr/lib/x86_64-linux-gnu/libXdmcp.so.6.0.0
75bd30429000-75bd3042b000 r--p 00004000 fc:01 7089836                    /usr/lib/x86_64-linux-gnu/libXdmcp.so.6.0.0
75bd3042b000-75bd3042c000 r--p 00006000 fc:01 7089836                    /usr/lib/x86_64-linux-gnu/libXdmcp.so.6.0.0
75bd3042c000-75bd3042d000 rw-p 00007000 fc:01 7089836                    /usr/lib/x86_64-linux-gnu/libXdmcp.so.6.0.0
75bd3042d000-75bd3042e000 r--p 00000000 fc:01 7089831                    /usr/lib/x86_64-linux-gnu/libXau.so.6.0.0
75bd3042e000-75bd30430000 r-xp 00001000 fc:01 7089831                    /usr/lib/x86_64-linux-gnu/libXau.so.6.0.0
75bd30430000-75bd30431000 r--p 00003000 fc:01 7089831                    /usr/lib/x86_64-linux-gnu/libXau.so.6.0.0
75bd30431000-75bd30432000 r--p 00003000 fc:01 7089831                    /usr/lib/x86_64-linux-gnu/libXau.so.6.0.0
75bd30432000-75bd30433000 rw-p 00004000 fc:01 7089831                    /usr/lib/x86_64-linux-gnu/libXau.so.6.0.0
75bd30433000-75bd30434000 r--p 00000000 fc:01 7090000                    /usr/lib/x86_64-linux-gnu/libbrotlidec.so.1.1.0
75bd30434000-75bd3043c000 r-xp 00001000 fc:01 7090000                    /usr/lib/x86_64-linux-gnu/libbrotlidec.so.1.1.0
75bd3043c000-75bd3043f000 r--p 00009000 fc:01 7090000                    /usr/lib/x86_64-linux-gnu/libbrotlidec.so.1.1.0
75bd3043f000-75bd30440000 r--p 0000b000 fc:01 7090000                    /usr/lib/x86_64-linux-gnu/libbrotlidec.so.1.1.0
75bd30440000-75bd30441000 rw-p 0000c000 fc:01 7090000                    /usr/lib/x86_64-linux-gnu/libbrotlidec.so.1.1.0
75bd30441000-75bd30443000 r--p 00000000 fc:01 7090004                    /usr/lib/x86_64-linux-gnu/libbz2.so.1.0.4
75bd30443000-75bd30452000 r-xp 00002000 fc:01 7090004                    /usr/lib/x86_64-linux-gnu/libbz2.so.1.0.4
75bd30452000-75bd30454000 r--p 00011000 fc:01 7090004                    /usr/lib/x86_64-linux-gnu/libbz2.so.1.0.4
75bd30454000-75bd30455000 r--p 00012000 fc:01 7090004                    /usr/lib/x86_64-linux-gnu/libbz2.so.1.0.4
75bd30455000-75bd30456000 rw-p 00013000 fc:01 7090004                    /usr/lib/x86_64-linux-gnu/libbz2.so.1.0.4
75bd30456000-75bd3045e000 r--p 00000000 fc:01 7090438                    /usr/lib/x86_64-linux-gnu/libpangoft2-1.0.so.0.5600.3
75bd3045e000-75bd3046f000 r-xp 00008000 fc:01 7090438                    /usr/lib/x86_64-linux-gnu/libpangoft2-1.0.so.0.5600.3
75bd3046f000-75bd30476000 r--p 00019000 fc:01 7090438                    /usr/lib/x86_64-linux-gnu/libpangoft2-1.0.so.0.5600.3
75bd30476000-75bd30477000 r--p 00020000 fc:01 7090438                    /usr/lib/x86_64-linux-gnu/libpangoft2-1.0.so.0.5600.3
75bd30477000-75bd30478000 rw-p 00021000 fc:01 7090438                    /usr/lib/x86_64-linux-gnu/libpangoft2-1.0.so.0.5600.3
75bd30478000-75bd3047f000 r--p 00000000 fc:01 7090527                    /usr/lib/x86_64-linux-gnu/libselinux.so.1
75bd3047f000-75bd304a0000 r-xp 00007000 fc:01 7090527                    /usr/lib/x86_64-linux-gnu/libselinux.so.1
75bd304a0000-75bd304ab000 r--p 00028000 fc:01 7090527                    /usr/lib/x86_64-linux-gnu/libselinux.so.1
75bd304ab000-75bd304ac000 r--p 00032000 fc:01 7090527                    /usr/lib/x86_64-linux-gnu/libselinux.so.1
75bd304ac000-75bd304ad000 rw-p 00033000 fc:01 7090527                    /usr/lib/x86_64-linux-gnu/libselinux.so.1
75bd304ad000-75bd304af000 rw-p 00000000 00:00 0 
75bd304af000-75bd304b9000 r--p 00000000 fc:01 7079563                    /usr/lib/x86_64-linux-gnu/libmount.so.1.1.0
75bd304b9000-75bd304f1000 r-xp 0000a000 fc:01 7079563                    /usr/lib/x86_64-linux-gnu/libmount.so.1.1.0
75bd304f1000-75bd304ff000 r--p 00042000 fc:01 7079563                    /usr/lib/x86_64-linux-gnu/libmount.so.1.1.0
75bd304ff000-75bd30501000 r--p 00050000 fc:01 7079563                    /usr/lib/x86_64-linux-gnu/libmount.so.1.1.0
75bd30501000-75bd30502000 rw-p 00052000 fc:01 7079563                    /usr/lib/x86_64-linux-gnu/libmount.so.1.1.0
75bd30502000-75bd30506000 r--p 00000000 fc:01 7078119                    /usr/lib/x86_64-linux-gnu/libexpat.so.1.10.2
75bd30506000-75bd30524000 r-xp 00004000 fc:01 7078119                    /usr/lib/x86_64-linux-gnu/libexpat.so.1.10.2
75bd30524000-75bd3052c000 r--p 00022000 fc:01 7078119                    /usr/lib/x86_64-linux-gnu/libexpat.so.1.10.2
75bd3052c000-75bd3052e000 r--p 0002a000 fc:01 7078119                    /usr/lib/x86_64-linux-gnu/libexpat.so.1.10.2
75bd3052e000-75bd3052f000 rw-p 0002c000 fc:01 7078119                    /usr/lib/x86_64-linux-gnu/libexpat.so.1.10.2
75bd3052f000-75bd3053b000 r--p 00000000 fc:01 7090243                    /usr/lib/x86_64-linux-gnu/libharfbuzz.so.0.61020.0
75bd3053b000-75bd30637000 r-xp 0000c000 fc:01 7090243                    /usr/lib/x86_64-linux-gnu/libharfbuzz.so.0.61020.0
75bd30637000-75bd3066a000 r--p 00108000 fc:01 7090243                    /usr/lib/x86_64-linux-gnu/libharfbuzz.so.0.61020.0
75bd3066a000-75bd3066b000 r--p 0013b000 fc:01 7090243                    /usr/lib/x86_64-linux-gnu/libharfbuzz.so.0.61020.0
75bd3066b000-75bd3066c000 rw-p 0013c000 fc:01 7090243                    /usr/lib/x86_64-linux-gnu/libharfbuzz.so.0.61020.0
75bd3066c000-75bd3066e000 r--p 00000000 fc:01 7090581                    /usr/lib/x86_64-linux-gnu/libthai.so.0.3.1
75bd3066e000-75bd30672000 r-xp 00002000 fc:01 7090581                    /usr/lib/x86_64-linux-gnu/libthai.so.0.3.1
75bd30672000-75bd30675000 r--p 00006000 fc:01 7090581                    /usr/lib/x86_64-linux-gnu/libthai.so.0.3.1
75bd30675000-75bd30676000 r--p 00008000 fc:01 7090581                    /usr/lib/x86_64-linux-gnu/libthai.so.0.3.1
75bd30676000-75bd30677000 rw-p 00009000 fc:01 7090581                    /usr/lib/x86_64-linux-gnu/libthai.so.0.3.1
75bd30677000-75bd30682000 r--p 00000000 fc:01 7090458                    /usr/lib/x86_64-linux-gnu/libpixman-1.so.0.44.0
75bd30682000-75bd30775000 r-xp 0000b000 fc:01 7090458                    /usr/lib/x86_64-linux-gnu/libpixman-1.so.0.44.0
75bd30775000-75bd30785000 r--p 000fe000 fc:01 7090458                    /usr/lib/x86_64-linux-gnu/libpixman-1.so.0.44.0
75bd30785000-75bd3078d000 r--p 0010d000 fc:01 7090458                    /usr/lib/x86_64-linux-gnu/libpixman-1.so.0.44.0
75bd3078d000-75bd3078e000 rw-p 00115000 fc:01 7090458                    /usr/lib/x86_64-linux-gnu/libpixman-1.so.0.44.0
75bd3078e000-75bd3078f000 r--p 00000000 fc:01 7090686                    /usr/lib/x86_64-linux-gnu/libxcb-shm.so.0.0.0
75bd3078f000-75bd30790000 r-xp 00001000 fc:01 7090686                    /usr/lib/x86_64-linux-gnu/libxcb-shm.so.0.0.0
75bd30790000-75bd30791000 r--p 00002000 fc:01 7090686                    /usr/lib/x86_64-linux-gnu/libxcb-shm.so.0.0.0
75bd30791000-75bd30792000 r--p 00002000 fc:01 7090686                    /usr/lib/x86_64-linux-gnu/libxcb-shm.so.0.0.0
75bd30792000-75bd30793000 rw-p 00003000 fc:01 7090686                    /usr/lib/x86_64-linux-gnu/libxcb-shm.so.0.0.0
75bd30793000-75bd30798000 r--p 00000000 fc:01 7090683                    /usr/lib/x86_64-linux-gnu/libxcb-render.so.0.0.0
75bd30798000-75bd3079d000 r-xp 00005000 fc:01 7090683                    /usr/lib/x86_64-linux-gnu/libxcb-render.so.0.0.0
75bd3079d000-75bd307a1000 r--p 0000a000 fc:01 7090683                    /usr/lib/x86_64-linux-gnu/libxcb-render.so.0.0.0
75bd307a1000-75bd307a2000 r--p 0000e000 fc:01 7090683                    /usr/lib/x86_64-linux-gnu/libxcb-render.so.0.0.0
75bd307a2000-75bd307a3000 rw-p 0000f000 fc:01 7090683                    /usr/lib/x86_64-linux-gnu/libxcb-render.so.0.0.0
75bd307a3000-75bd307af000 r--p 00000000 fc:01 7090690                    /usr/lib/x86_64-linux-gnu/libxcb.so.1.1.0
75bd307af000-75bd307c3000 r-xp 0000c000 fc:01 7090690                    /usr/lib/x86_64-linux-gnu/libxcb.so.1.1.0
75bd307c3000-75bd307d2000 r--p 00020000 fc:01 7090690                    /usr/lib/x86_64-linux-gnu/libxcb.so.1.1.0
75bd307d2000-75bd307d3000 r--p 0002e000 fc:01 7090690                    /usr/lib/x86_64-linux-gnu/libxcb.so.1.1.0
75bd307d3000-75bd307d4000 rw-p 0002f000 fc:01 7090690                    /usr/lib/x86_64-linux-gnu/libxcb.so.1.1.0
75bd307d4000-75bd307d6000 r--p 00000000 fc:01 7089847                    /usr/lib/x86_64-linux-gnu/libXrender.so.1.3.0
75bd307d6000-75bd307dd000 r-xp 00002000 fc:01 7089847                    /usr/lib/x86_64-linux-gnu/libXrender.so.1.3.0
75bd307dd000-75bd307de000 r--p 00009000 fc:01 7089847                    /usr/lib/x86_64-linux-gnu/libXrender.so.1.3.0
75bd307de000-75bd307df000 r--p 00009000 fc:01 7089847                    /usr/lib/x86_64-linux-gnu/libXrender.so.1.3.0
75bd307df000-75bd307e0000 rw-p 0000a000 fc:01 7089847                    /usr/lib/x86_64-linux-gnu/libXrender.so.1.3.0
75bd307e0000-75bd307ed000 r--p 00000000 fc:01 7078844                    /usr/lib/x86_64-linux-gnu/libfreetype.so.6.20.2
75bd307ed000-75bd30882000 r-xp 0000d000 fc:01 7078844                    /usr/lib/x86_64-linux-gnu/libfreetype.so.6.20.2
75bd30882000-75bd308a8000 r--p 000a2000 fc:01 7078844                    /usr/lib/x86_64-linux-gnu/libfreetype.so.6.20.2
75bd308a8000-75bd308b0000 r--p 000c7000 fc:01 7078844                    /usr/lib/x86_64-linux-gnu/libfreetype.so.6.20.2
75bd308b0000-75bd308b1000 rw-p 000cf000 fc:01 7078844                    /usr/lib/x86_64-linux-gnu/libfreetype.so.6.20.2
75bd308b1000-75bd308b4000 r--p 00000000 fc:01 7090703                    /usr/lib/x86_64-linux-gnu/libz.so.1.3.1
75bd308b4000-75bd308c7000 r-xp 00003000 fc:01 7090703                    /usr/lib/x86_64-linux-gnu/libz.so.1.3.1
75bd308c7000-75bd308cf000 r--p 00016000 fc:01 7090703                    /usr/lib/x86_64-linux-gnu/libz.so.1.3.1
75bd308cf000-75bd308d0000 r--p 0001d000 fc:01 7090703                    /usr/lib/x86_64-linux-gnu/libz.so.1.3.1
75bd308d0000-75bd308d1000 rw-p 0001e000 fc:01 7090703                    /usr/lib/x86_64-linux-gnu/libz.so.1.3.1
75bd308d1000-75bd308d4000 r--p 00000000 fc:01 7090450                    /usr/lib/x86_64-linux-gnu/libpcre2-8.so.0.14.0
75bd308d4000-75bd30950000 r-xp 00003000 fc:01 7090450                    /usr/lib/x86_64-linux-gnu/libpcre2-8.so.0.14.0
75bd30950000-75bd3097e000 r--p 0007f000 fc:01 7090450                    /usr/lib/x86_64-linux-gnu/libpcre2-8.so.0.14.0
75bd3097e000-75bd3097f000 r--p 000ac000 fc:01 7090450                    /usr/lib/x86_64-linux-gnu/libpcre2-8.so.0.14.0
75bd3097f000-75bd30980000 rw-p 000ad000 fc:01 7090450                    /usr/lib/x86_64-linux-gnu/libpcre2-8.so.0.14.0
75bd30980000-75bd30982000 r--p 00000000 fc:01 7089963                    /usr/lib/x86_64-linux-gnu/libatomic.so.1.2.0
75bd30982000-75bd30986000 r-xp 00002000 fc:01 7089963                    /usr/lib/x86_64-linux-gnu/libatomic.so.1.2.0
75bd30986000-75bd30988000 r--p 00006000 fc:01 7089963                    /usr/lib/x86_64-linux-gnu/libatomic.so.1.2.0
75bd30988000-75bd30989000 r--p 00007000 fc:01 7089963                    /usr/lib/x86_64-linux-gnu/libatomic.so.1.2.0
75bd30989000-75bd3098a000 rw-p 00008000 fc:01 7089963                    /usr/lib/x86_64-linux-gnu/libatomic.so.1.2.0
75bd3098a000-75bd3098b000 rw-p 00000000 00:00 0 
75bd3098b000-75bd3098d000 r--p 00000000 fc:01 7090118                    /usr/lib/x86_64-linux-gnu/libffi.so.8.2.0
75bd3098d000-75bd30994000 r-xp 00002000 fc:01 7090118                    /usr/lib/x86_64-linux-gnu/libffi.so.8.2.0
75bd30994000-75bd30996000 r--p 00009000 fc:01 7090118                    /usr/lib/x86_64-linux-gnu/libffi.so.8.2.0
75bd30996000-75bd30997000 r--p 0000a000 fc:01 7090118                    /usr/lib/x86_64-linux-gnu/libffi.so.8.2.0
75bd30997000-75bd30998000 rw-p 0000b000 fc:01 7090118                    /usr/lib/x86_64-linux-gnu/libffi.so.8.2.0
75bd30998000-75bd3099c000 r--p 00000000 fc:01 7090298                    /usr/lib/x86_64-linux-gnu/libjpeg.so.8.2.2
75bd3099c000-75bd309ec000 r-xp 00004000 fc:01 7090298                    /usr/lib/x86_64-linux-gnu/libjpeg.so.8.2.2
75bd309ec000-75bd30a1c000 r--p 00054000 fc:01 7090298                    /usr/lib/x86_64-linux-gnu/libjpeg.so.8.2.2
75bd30a1c000-75bd30a1d000 r--p 00084000 fc:01 7090298                    /usr/lib/x86_64-linux-gnu/libjpeg.so.8.2.2
75bd30a1d000-75bd30a1e000 rw-p 00085000 fc:01 7090298                    /usr/lib/x86_64-linux-gnu/libjpeg.so.8.2.2
75bd30a1e000-75bd30a23000 r--p 00000000 fc:01 7083508                    /usr/lib/x86_64-linux-gnu/libpng16.so.16.50.0
75bd30a23000-75bd30a4d000 r-xp 00005000 fc:01 7083508                    /usr/lib/x86_64-linux-gnu/libpng16.so.16.50.0
75bd30a4d000-75bd30a56000 r--p 0002f000 fc:01 7083508                    /usr/lib/x86_64-linux-gnu/libpng16.so.16.50.0
75bd30a56000-75bd30a57000 r--p 00037000 fc:01 7083508                    /usr/lib/x86_64-linux-gnu/libpng16.so.16.50.0
75bd30a57000-75bd30a58000 rw-p 00038000 fc:01 7083508                    /usr/lib/x86_64-linux-gnu/libpng16.so.16.50.0
75bd30a58000-75bd30a5a000 r--p 00000000 fc:01 7078531                    /usr/lib/x86_64-linux-gnu/libgmodule-2.0.so.0.8600.0
75bd30a5a000-75bd30a5c000 r-xp 00002000 fc:01 7078531                    /usr/lib/x86_64-linux-gnu/libgmodule-2.0.so.0.8600.0
75bd30a5c000-75bd30a5d000 r--p 00004000 fc:01 7078531                    /usr/lib/x86_64-linux-gnu/libgmodule-2.0.so.0.8600.0
75bd30a5d000-75bd30a5e000 r--p 00004000 fc:01 7078531                    /usr/lib/x86_64-linux-gnu/libgmodule-2.0.so.0.8600.0
75bd30a5e000-75bd30a5f000 rw-p 00005000 fc:01 7078531                    /usr/lib/x86_64-linux-gnu/libgmodule-2.0.so.0.8600.0
75bd30a5f000-75bd30a60000 r--p 00000000 fc:01 7089842                    /usr/lib/x86_64-linux-gnu/libXinerama.so.1.0.0
75bd30a60000-75bd30a61000 r-xp 00001000 fc:01 7089842                    /usr/lib/x86_64-linux-gnu/libXinerama.so.1.0.0
75bd30a61000-75bd30a62000 r--p 00002000 fc:01 7089842                    /usr/lib/x86_64-linux-gnu/libXinerama.so.1.0.0
75bd30a62000-75bd30a63000 r--p 00002000 fc:01 7089842                    /usr/lib/x86_64-linux-gnu/libXinerama.so.1.0.0
75bd30a63000-75bd30a64000 rw-p 00003000 fc:01 7089842                    /usr/lib/x86_64-linux-gnu/libXinerama.so.1.0.0
75bd30a64000-75bd30a66000 r--p 00000000 fc:01 7089846                    /usr/lib/x86_64-linux-gnu/libXrandr.so.2.2.0
75bd30a66000-75bd30a6d000 r-xp 00002000 fc:01 7089846                    /usr/lib/x86_64-linux-gnu/libXrandr.so.2.2.0
75bd30a6d000-75bd30a6f000 r--p 00009000 fc:01 7089846                    /usr/lib/x86_64-linux-gnu/libXrandr.so.2.2.0
75bd30a6f000-75bd30a70000 r--p 0000a000 fc:01 7089846                    /usr/lib/x86_64-linux-gnu/libXrandr.so.2.2.0
75bd30a70000-75bd30a71000 rw-p 0000b000 fc:01 7089846                    /usr/lib/x86_64-linux-gnu/libXrandr.so.2.2.0
75bd30a71000-75bd30a72000 r--p 00000000 fc:01 7089833                    /usr/lib/x86_64-linux-gnu/libXcomposite.so.1.0.0
75bd30a72000-75bd30a73000 r-xp 00001000 fc:01 7089833                    /usr/lib/x86_64-linux-gnu/libXcomposite.so.1.0.0
75bd30a73000-75bd30a74000 r--p 00002000 fc:01 7089833                    /usr/lib/x86_64-linux-gnu/libXcomposite.so.1.0.0
75bd30a74000-75bd30a75000 r--p 00002000 fc:01 7089833                    /usr/lib/x86_64-linux-gnu/libXcomposite.so.1.0.0
75bd30a75000-75bd30a76000 rw-p 00003000 fc:01 7089833                    /usr/lib/x86_64-linux-gnu/libXcomposite.so.1.0.0
75bd30a76000-75bd30a78000 r--p 00000000 fc:01 7089838                    /usr/lib/x86_64-linux-gnu/libXfixes.so.3.1.0
75bd30a78000-75bd30a7b000 r-xp 00002000 fc:01 7089838                    /usr/lib/x86_64-linux-gnu/libXfixes.so.3.1.0
75bd30a7b000-75bd30a7c000 r--p 00005000 fc:01 7089838                    /usr/lib/x86_64-linux-gnu/libXfixes.so.3.1.0
75bd30a7c000-75bd30a7d000 r--p 00005000 fc:01 7089838                    /usr/lib/x86_64-linux-gnu/libXfixes.so.3.1.0
75bd30a7d000-75bd30a7e000 rw-p 00006000 fc:01 7089838                    /usr/lib/x86_64-linux-gnu/libXfixes.so.3.1.0
75bd30a7e000-75bd30a7f000 r--p 00000000 fc:01 7089835                    /usr/lib/x86_64-linux-gnu/libXdamage.so.1.1.0
75bd30a7f000-75bd30a80000 r-xp 00001000 fc:01 7089835                    /usr/lib/x86_64-linux-gnu/libXdamage.so.1.1.0
75bd30a80000-75bd30a81000 r--p 00002000 fc:01 7089835                    /usr/lib/x86_64-linux-gnu/libXdamage.so.1.1.0
75bd30a81000-75bd30a82000 r--p 00002000 fc:01 7089835                    /usr/lib/x86_64-linux-gnu/libXdamage.so.1.1.0
75bd30a82000-75bd30a83000 rw-p 00003000 fc:01 7089835                    /usr/lib/x86_64-linux-gnu/libXdamage.so.1.1.0
75bd30a83000-75bd30a86000 r--p 00000000 fc:01 7089834                    /usr/lib/x86_64-linux-gnu/libXcursor.so.1.0.2
75bd30a86000-75bd30a8d000 r-xp 00003000 fc:01 7089834                    /usr/lib/x86_64-linux-gnu/libXcursor.so.1.0.2
75bd30a8d000-75bd30a8f000 r--p 0000a000 fc:01 7089834                    /usr/lib/x86_64-linux-gnu/libXcursor.so.1.0.2
75bd30a8f000-75bd30a90000 r--p 0000b000 fc:01 7089834                    /usr/lib/x86_64-linux-gnu/libXcursor.so.1.0.2
75bd30a90000-75bd30a91000 rw-p 0000c000 fc:01 7089834                    /usr/lib/x86_64-linux-gnu/libXcursor.so.1.0.2
75bd30a91000-75bd30a95000 r--p 00000000 fc:01 7089837                    /usr/lib/x86_64-linux-gnu/libXext.so.6.4.0
75bd30a95000-75bd30aa0000 r-xp 00004000 fc:01 7089837                    /usr/lib/x86_64-linux-gnu/libXext.so.6.4.0
75bd30aa0000-75bd30aa3000 r--p 0000f000 fc:01 7089837                    /usr/lib/x86_64-linux-gnu/libXext.so.6.4.0
75bd30aa3000-75bd30aa4000 r--p 00011000 fc:01 7089837                    /usr/lib/x86_64-linux-gnu/libXext.so.6.4.0
75bd30aa4000-75bd30aa5000 rw-p 00012000 fc:01 7089837                    /usr/lib/x86_64-linux-gnu/libXext.so.6.4.0
75bd30aa5000-75bd30aa8000 r--p 00000000 fc:01 7089841                    /usr/lib/x86_64-linux-gnu/libXi.so.6.1.0
75bd30aa8000-75bd30ab4000 r-xp 00003000 fc:01 7089841                    /usr/lib/x86_64-linux-gnu/libXi.so.6.1.0
75bd30ab4000-75bd30ab6000 r--p 0000f000 fc:01 7089841                    /usr/lib/x86_64-linux-gnu/libXi.so.6.1.0
75bd30ab6000-75bd30ab7000 r--p 00011000 fc:01 7089841                    /usr/lib/x86_64-linux-gnu/libXi.so.6.1.0
75bd30ab7000-75bd30ab8000 rw-p 00012000 fc:01 7089841                    /usr/lib/x86_64-linux-gnu/libXi.so.6.1.0
75bd30ab8000-75bd30ad1000 r--p 00000000 fc:01 7089829                    /usr/lib/x86_64-linux-gnu/libX11.so.6.4.0
75bd30ad1000-75bd30b66000 r-xp 00019000 fc:01 7089829                    /usr/lib/x86_64-linux-gnu/libX11.so.6.4.0
75bd30b66000-75bd30c06000 r--p 000ae000 fc:01 7089829                    /usr/lib/x86_64-linux-gnu/libX11.so.6.4.0
75bd30c06000-75bd30c07000 r--p 0014e000 fc:01 7089829                    /usr/lib/x86_64-linux-gnu/libX11.so.6.4.0
75bd30c07000-75bd30c0b000 rw-p 0014f000 fc:01 7089829                    /usr/lib/x86_64-linux-gnu/libX11.so.6.4.0
75bd30c0b000-75bd30c0d000 r--p 00000000 fc:01 7090658                    /usr/lib/x86_64-linux-gnu/libwayland-cursor.so.0.24.0
75bd30c0d000-75bd30c0f000 r-xp 00002000 fc:01 7090658                    /usr/lib/x86_64-linux-gnu/libwayland-cursor.so.0.24.0
75bd30c0f000-75bd30c10000 r--p 00004000 fc:01 7090658                    /usr/lib/x86_64-linux-gnu/libwayland-cursor.so.0.24.0
75bd30c10000-75bd30c11000 r--p 00004000 fc:01 7090658                    /usr/lib/x86_64-linux-gnu/libwayland-cursor.so.0.24.0
75bd30c11000-75bd30c15000 rw-p 00005000 fc:01 7090658                    /usr/lib/x86_64-linux-gnu/libwayland-cursor.so.0.24.0
75bd30c15000-75bd30c1b000 r--p 00000000 fc:01 7090657                    /usr/lib/x86_64-linux-gnu/libwayland-client.so.0.24.0
75bd30c1b000-75bd30c22000 r-xp 00006000 fc:01 7090657                    /usr/lib/x86_64-linux-gnu/libwayland-client.so.0.24.0
75bd30c22000-75bd30c25000 r--p 0000d000 fc:01 7090657                    /usr/lib/x86_64-linux-gnu/libwayland-client.so.0.24.0
75bd30c25000-75bd30c27000 r--p 00010000 fc:01 7090657                    /usr/lib/x86_64-linux-gnu/libwayland-client.so.0.24.0
75bd30c27000-75bd30c28000 rw-p 00012000 fc:01 7090657                    /usr/lib/x86_64-linux-gnu/libwayland-client.so.0.24.0
75bd30c28000-75bd30c2d000 r--p 00000000 fc:01 7090692                    /usr/lib/x86_64-linux-gnu/libxkbcommon.so.0.0.0
75bd30c2d000-75bd30c4f000 r-xp 00005000 fc:01 7090692                    /usr/lib/x86_64-linux-gnu/libxkbcommon.so.0.0.0
75bd30c4f000-75bd30c73000 r--p 00027000 fc:01 7090692                    /usr/lib/x86_64-linux-gnu/libxkbcommon.so.0.0.0
75bd30c73000-75bd30c75000 r--p 0004a000 fc:01 7090692                    /usr/lib/x86_64-linux-gnu/libxkbcommon.so.0.0.0
75bd30c75000-75bd30c76000 rw-p 0004c000 fc:01 7090692                    /usr/lib/x86_64-linux-gnu/libxkbcommon.so.0.0.0
75bd30c76000-75bd30cb3000 r--p 00000000 fc:01 7078507                    /usr/lib/x86_64-linux-gnu/libgio-2.0.so.0.8600.0
75bd30cb3000-75bd30dd1000 r-xp 0003d000 fc:01 7078507                    /usr/lib/x86_64-linux-gnu/libgio-2.0.so.0.8600.0
75bd30dd1000-75bd30e46000 r--p 0015b000 fc:01 7078507                    /usr/lib/x86_64-linux-gnu/libgio-2.0.so.0.8600.0
75bd30e46000-75bd30e4f000 r--p 001cf000 fc:01 7078507                    /usr/lib/x86_64-linux-gnu/libgio-2.0.so.0.8600.0
75bd30e4f000-75bd30e50000 rw-p 001d8000 fc:01 7078507                    /usr/lib/x86_64-linux-gnu/libgio-2.0.so.0.8600.0
75bd30e50000-75bd30e52000 rw-p 00000000 00:00 0 
75bd30e52000-75bd30e5a000 r--p 00000000 fc:01 7090124                    /usr/lib/x86_64-linux-gnu/libfontconfig.so.1.12.1
75bd30e5a000-75bd30e8a000 r-xp 00008000 fc:01 7090124                    /usr/lib/x86_64-linux-gnu/libfontconfig.so.1.12.1
75bd30e8a000-75bd30ea1000 r--p 00038000 fc:01 7090124                    /usr/lib/x86_64-linux-gnu/libfontconfig.so.1.12.1
75bd30ea1000-75bd30ea3000 r--p 0004e000 fc:01 7090124                    /usr/lib/x86_64-linux-gnu/libfontconfig.so.1.12.1
75bd30ea3000-75bd30ea4000 rw-p 00050000 fc:01 7090124                    /usr/lib/x86_64-linux-gnu/libfontconfig.so.1.12.1
75bd30ea4000-75bd30f04000 r--p 00000000 fc:01 7090105                    /usr/lib/x86_64-linux-gnu/libepoxy.so.0.0.0
75bd30f04000-75bd30f6c000 r-xp 00060000 fc:01 7090105                    /usr/lib/x86_64-linux-gnu/libepoxy.so.0.0.0
75bd30f6c000-75bd30fba000 r--p 000c8000 fc:01 7090105                    /usr/lib/x86_64-linux-gnu/libepoxy.so.0.0.0
75bd30fba000-75bd30fc2000 r--p 00115000 fc:01 7090105                    /usr/lib/x86_64-linux-gnu/libepoxy.so.0.0.0
75bd30fc2000-75bd30fc9000 rw-p 0011d000 fc:01 7090105                    /usr/lib/x86_64-linux-gnu/libepoxy.so.0.0.0
75bd30fc9000-75bd30fcb000 r--p 00000000 fc:01 7090138                    /usr/lib/x86_64-linux-gnu/libfribidi.so.0.4.0
75bd30fcb000-75bd30fcf000 r-xp 00002000 fc:01 7090138                    /usr/lib/x86_64-linux-gnu/libfribidi.so.0.4.0
75bd30fcf000-75bd30fe6000 r--p 00006000 fc:01 7090138                    /usr/lib/x86_64-linux-gnu/libfribidi.so.0.4.0
75bd30fe6000-75bd30fe7000 r--p 0001c000 fc:01 7090138                    /usr/lib/x86_64-linux-gnu/libfribidi.so.0.4.0
75bd30fe7000-75bd30fe8000 rw-p 0001d000 fc:01 7090138                    /usr/lib/x86_64-linux-gnu/libfribidi.so.0.4.0
75bd30fe8000-75bd30ffb000 r--p 00000000 fc:01 7090436                    /usr/lib/x86_64-linux-gnu/libpango-1.0.so.0.5600.3
75bd30ffb000-75bd3103a000 r-xp 00013000 fc:01 7090436                    /usr/lib/x86_64-linux-gnu/libpango-1.0.so.0.5600.3
75bd3103a000-75bd3105b000 r--p 00052000 fc:01 7090436                    /usr/lib/x86_64-linux-gnu/libpango-1.0.so.0.5600.3
75bd3105b000-75bd3105f000 r--p 00072000 fc:01 7090436                    /usr/lib/x86_64-linux-gnu/libpango-1.0.so.0.5600.3
75bd3105f000-75bd31060000 rw-p 00076000 fc:01 7090436                    /usr/lib/x86_64-linux-gnu/libpango-1.0.so.0.5600.3
75bd31060000-75bd31074000 r--p 00000000 fc:01 7090014                    /usr/lib/x86_64-linux-gnu/libcairo.so.2.11804.4
75bd31074000-75bd3116b000 r-xp 00014000 fc:01 7090014                    /usr/lib/x86_64-linux-gnu/libcairo.so.2.11804.4
75bd3116b000-75bd311c5000 r--p 0010b000 fc:01 7090014                    /usr/lib/x86_64-linux-gnu/libcairo.so.2.11804.4
75bd311c5000-75bd311c9000 r--p 00165000 fc:01 7090014                    /usr/lib/x86_64-linux-gnu/libcairo.so.2.11804.4
75bd311c9000-75bd311cb000 rw-p 00169000 fc:01 7090014                    /usr/lib/x86_64-linux-gnu/libcairo.so.2.11804.4
75bd311cb000-75bd311cc000 rw-p 00000000 00:00 0 
75bd311cc000-75bd311eb000 r--p 00000000 fc:01 7078516                    /usr/lib/x86_64-linux-gnu/libglib-2.0.so.0.8600.0
75bd311eb000-75bd31291000 r-xp 0001f000 fc:01 7078516                    /usr/lib/x86_64-linux-gnu/libglib-2.0.so.0.8600.0
75bd31291000-75bd31321000 r--p 000c5000 fc:01 7078516                    /usr/lib/x86_64-linux-gnu/libglib-2.0.so.0.8600.0
75bd31321000-75bd31322000 r--p 00155000 fc:01 7078516                    /usr/lib/x86_64-linux-gnu/libglib-2.0.so.0.8600.0
75bd31322000-75bd31323000 rw-p 00156000 fc:01 7078516                    /usr/lib/x86_64-linux-gnu/libglib-2.0.so.0.8600.0
75bd31323000-75bd31324000 rw-p 00000000 00:00 0 
75bd31324000-75bd31334000 r--p 00000000 fc:01 7078681                    /usr/lib/x86_64-linux-gnu/libgobject-2.0.so.0.8600.0
75bd31334000-75bd3136b000 r-xp 00010000 fc:01 7078681                    /usr/lib/x86_64-linux-gnu/libgobject-2.0.so.0.8600.0
75bd3136b000-75bd31383000 r--p 00047000 fc:01 7078681                    /usr/lib/x86_64-linux-gnu/libgobject-2.0.so.0.8600.0
75bd31383000-75bd31386000 r--p 0005f000 fc:01 7078681                    /usr/lib/x86_64-linux-gnu/libgobject-2.0.so.0.8600.0
75bd31386000-75bd31387000 rw-p 00062000 fc:01 7078681                    /usr/lib/x86_64-linux-gnu/libgobject-2.0.so.0.8600.0
75bd31387000-75bd3138f000 r--p 00000000 fc:01 7079464                    /usr/lib/x86_64-linux-gnu/libgdk_pixbuf-2.0.so.0.4200.12
75bd3138f000-75bd313ab000 r-xp 00008000 fc:01 7079464                    /usr/lib/x86_64-linux-gnu/libgdk_pixbuf-2.0.so.0.4200.12
75bd313ab000-75bd313b4000 r--p 00024000 fc:01 7079464                    /usr/lib/x86_64-linux-gnu/libgdk_pixbuf-2.0.so.0.4200.12
75bd313b4000-75bd313b5000 r--p 0002d000 fc:01 7079464                    /usr/lib/x86_64-linux-gnu/libgdk_pixbuf-2.0.so.0.4200.12
75bd313b5000-75bd313b6000 rw-p 0002e000 fc:01 7079464                    /usr/lib/x86_64-linux-gnu/libgdk_pixbuf-2.0.so.0.4200.12
75bd313b6000-75bd313e4000 r--p 00000000 fc:01 7090159                    /usr/lib/x86_64-linux-gnu/libgdk-3.so.0.2418.32
75bd313e4000-75bd31471000 r-xp 0002e000 fc:01 7090159                    /usr/lib/x86_64-linux-gnu/libgdk-3.so.0.2418.32
75bd31471000-75bd314cc000 r--p 000bb000 fc:01 7090159                    /usr/lib/x86_64-linux-gnu/libgdk-3.so.0.2418.32
75bd314cc000-75bd314d6000 r--p 00115000 fc:01 7090159                    /usr/lib/x86_64-linux-gnu/libgdk-3.so.0.2418.32
75bd314d6000-75bd314d8000 rw-p 0011f000 fc:01 7090159                    /usr/lib/x86_64-linux-gnu/libgdk-3.so.0.2418.32
75bd314dc000-75bd314e0000 r--p 00000000 fc:01 7226932                    /usr/lib/x86_64-linux-gnu/gio/modules/libdconfsettings.so
75bd314e0000-75bd314e7000 r-xp 00004000 fc:01 7226932                    /usr/lib/x86_64-linux-gnu/gio/modules/libdconfsettings.so
75bd314e7000-75bd314ea000 r--p 0000b000 fc:01 7226932                    /usr/lib/x86_64-linux-gnu/gio/modules/libdconfsettings.so
75bd314ea000-75bd314eb000 r--p 0000e000 fc:01 7226932                    /usr/lib/x86_64-linux-gnu/gio/modules/libdconfsettings.so
75bd314eb000-75bd314ec000 rw-p 0000f000 fc:01 7226932                    /usr/lib/x86_64-linux-gnu/gio/modules/libdconfsettings.so
75bd314ec000-75bd314f0000 r--p 00000000 07:34 2154                       /snap/dbeaver-ce/543/usr/share/dbeaver-ce/plugins/org.eclipse.equinox.launcher.gtk.linux.x86_64_1.2.1500.v20250801-0854/eclipse_11916.so
75bd314f0000-75bd314fa000 r-xp 00004000 07:34 2154                       /snap/dbeaver-ce/543/usr/share/dbeaver-ce/plugins/org.eclipse.equinox.launcher.gtk.linux.x86_64_1.2.1500.v20250801-0854/eclipse_11916.so
75bd314fa000-75bd314fd000 r--p 0000e000 07:34 2154                       /snap/dbeaver-ce/543/usr/share/dbeaver-ce/plugins/org.eclipse.equinox.launcher.gtk.linux.x86_64_1.2.1500.v20250801-0854/eclipse_11916.so
75bd314fd000-75bd314fe000 r--p 00010000 07:34 2154                       /snap/dbeaver-ce/543/usr/share/dbeaver-ce/plugins/org.eclipse.equinox.launcher.gtk.linux.x86_64_1.2.1500.v20250801-0854/eclipse_11916.so
75bd314fe000-75bd314ff000 rw-p 00011000 07:34 2154                       /snap/dbeaver-ce/543/usr/share/dbeaver-ce/plugins/org.eclipse.equinox.launcher.gtk.linux.x86_64_1.2.1500.v20250801-0854/eclipse_11916.so
75bd314ff000-75bd31500000 rw-p 00000000 00:00 0 
75bd31500000-75bd31504000 ---p 00000000 00:00 0 
75bd31504000-75bd31600000 rw-p 00000000 00:00 0 
75bd31600000-75bd31604000 ---p 00000000 00:00 0 
75bd31604000-75bd31700000 rw-p 00000000 00:00 0 
75bd31700000-75bd31704000 ---p 00000000 00:00 0 
75bd31704000-75bd31800000 rw-p 00000000 00:00 0 
75bd31800000-75bd31804000 ---p 00000000 00:00 0 
75bd31804000-75bd31900000 rw-p 00000000 00:00 0 
75bd31900000-75bd31904000 ---p 00000000 00:00 0 
75bd31904000-75bd31a00000 rw-p 00000000 00:00 0 
75bd31a00000-75bd31a04000 ---p 00000000 00:00 0 
75bd31a04000-75bd31b00000 rw-p 00000000 00:00 0 
75bd31b00000-75bd31b04000 ---p 00000000 00:00 0 
75bd31b04000-75bd31c00000 rw-p 00000000 00:00 0 
75bd31c00000-75bd31eed000 r--p 00000000 fc:01 7081867                    /usr/lib/locale/locale-archive
75bd31eee000-75bd31ef3000 r--p 00000000 fc:01 7090437                    /usr/lib/x86_64-linux-gnu/libpangocairo-1.0.so.0.5600.3
75bd31ef3000-75bd31efb000 r-xp 00005000 fc:01 7090437                    /usr/lib/x86_64-linux-gnu/libpangocairo-1.0.so.0.5600.3
75bd31efb000-75bd31efe000 r--p 0000d000 fc:01 7090437                    /usr/lib/x86_64-linux-gnu/libpangocairo-1.0.so.0.5600.3
75bd31efe000-75bd31eff000 r--p 00010000 fc:01 7090437                    /usr/lib/x86_64-linux-gnu/libpangocairo-1.0.so.0.5600.3
75bd31eff000-75bd31f00000 rw-p 00011000 fc:01 7090437                    /usr/lib/x86_64-linux-gnu/libpangocairo-1.0.so.0.5600.3
75bd31f00000-75bd31f04000 ---p 00000000 00:00 0 
75bd31f04000-75bd32000000 rw-p 00000000 00:00 0 
75bd32000000-75bd34021000 rw-p 00000000 00:00 0 
75bd34021000-75bd38000000 ---p 00000000 00:00 0 
75bd38000000-75bd38021000 rw-p 00000000 00:00 0 
75bd38021000-75bd3c000000 ---p 00000000 00:00 0 
75bd3c000000-75bd3c021000 rw-p 00000000 00:00 0 
75bd3c021000-75bd40000000 ---p 00000000 00:00 0 
75bd40003000-75bd40004000 r--p 00000000 fc:01 7090659                    /usr/lib/x86_64-linux-gnu/libwayland-egl.so.1.24.0
75bd40004000-75bd40005000 r-xp 00001000 fc:01 7090659                    /usr/lib/x86_64-linux-gnu/libwayland-egl.so.1.24.0
75bd40005000-75bd40006000 r--p 00002000 fc:01 7090659                    /usr/lib/x86_64-linux-gnu/libwayland-egl.so.1.24.0
75bd40006000-75bd40007000 r--p 00002000 fc:01 7090659                    /usr/lib/x86_64-linux-gnu/libwayland-egl.so.1.24.0
75bd40007000-75bd40008000 rw-p 00003000 fc:01 7090659                    /usr/lib/x86_64-linux-gnu/libwayland-egl.so.1.24.0
75bd40008000-75bd4000a000 r--p 00000000 07:34 1856                       /snap/dbeaver-ce/543/usr/share/dbeaver-ce/jre/lib/libzip.so
75bd4000a000-75bd4001d000 r-xp 00002000 07:34 1856                       /snap/dbeaver-ce/543/usr/share/dbeaver-ce/jre/lib/libzip.so
75bd4001d000-75bd40024000 r--p 00015000 07:34 1856                       /snap/dbeaver-ce/543/usr/share/dbeaver-ce/jre/lib/libzip.so
75bd40024000-75bd40025000 r--p 0001c000 07:34 1856                       /snap/dbeaver-ce/543/usr/share/dbeaver-ce/jre/lib/libzip.so
75bd40025000-75bd40026000 rw-p 0001d000 07:34 1856                       /snap/dbeaver-ce/543/usr/share/dbeaver-ce/jre/lib/libzip.so
75bd40026000-75bd4004c000 r--p 00000000 fc:01 7475793                    /usr/share/locale-langpack/it/LC_MESSAGES/libc.mo
75bd4004c000-75bd4004d000 r--p 00000000 07:34 1852                       /snap/dbeaver-ce/543/usr/share/dbeaver-ce/jre/lib/libsimdsort.so
75bd4004d000-75bd40086000 r-xp 00001000 07:34 1852                       /snap/dbeaver-ce/543/usr/share/dbeaver-ce/jre/lib/libsimdsort.so
75bd40086000-75bd4008c000 r--p 0003a000 07:34 1852                       /snap/dbeaver-ce/543/usr/share/dbeaver-ce/jre/lib/libsimdsort.so
75bd4008c000-75bd4008d000 r--p 0003f000 07:34 1852                       /snap/dbeaver-ce/543/usr/share/dbeaver-ce/jre/lib/libsimdsort.so
75bd4008d000-75bd4008e000 rw-p 00040000 07:34 1852                       /snap/dbeaver-ce/543/usr/share/dbeaver-ce/jre/lib/libsimdsort.so
75bd4008e000-75bd40092000 ---p 00000000 00:00 0 
75bd40092000-75bd4018e000 rw-p 00000000 00:00 0 
75bd4018e000-75bd40192000 ---p 00000000 00:00 0 
75bd40192000-75bd4028e000 rw-p 00000000 00:00 0 
75bd4028e000-75bd40292000 ---p 00000000 00:00 0 
75bd40292000-75bd4038e000 rw-p 00000000 00:00 0 
75bd4038e000-75bd40392000 ---p 00000000 00:00 0 
75bd40392000-75bd40892000 rw-p 00000000 00:00 0 
75bd40892000-75bd40e98000 rw-p 00000000 00:00 0 
75bd40e98000-75bd41988000 rwxp 00000000 00:00 0 
75bd41988000-75bd482f8000 ---p 00000000 00:00 0 
75bd482f8000-75bd486e8000 rwxp 00000000 00:00 0 
75bd486e8000-75bd48a39000 ---p 00000000 00:00 0 
75bd48a39000-75bd48cf9000 rwxp 00000000 00:00 0 
75bd48cf9000-75bd4fe99000 ---p 00000000 00:00 0 
75bd4fe99000-75bd54000000 r--s 00000000 07:34 1857                       /snap/dbeaver-ce/543/usr/share/dbeaver-ce/jre/lib/modules
75bd54000000-75bd55c09000 rw-p 00000000 00:00 0 
75bd55c09000-75bd58000000 ---p 00000000 00:00 0 
75bd58002000-75bd58004000 r--p 00000000 fc:01 7360454                    /usr/share/icons/Yaru-magenta/icon-theme.cache
75bd58004000-75bd5800c000 r--p 00000000 07:34 1849                       /snap/dbeaver-ce/543/usr/share/dbeaver-ce/jre/lib/libnio.so
75bd5800c000-75bd58015000 r-xp 00008000 07:34 1849                       /snap/dbeaver-ce/543/usr/share/dbeaver-ce/jre/lib/libnio.so
75bd58015000-75bd58019000 r--p 00011000 07:34 1849                       /snap/dbeaver-ce/543/usr/share/dbeaver-ce/jre/lib/libnio.so
75bd58019000-75bd5801a000 r--p 00015000 07:34 1849                       /snap/dbeaver-ce/543/usr/share/dbeaver-ce/jre/lib/libnio.so
75bd5801a000-75bd5801b000 rw-p 00016000 07:34 1849                       /snap/dbeaver-ce/543/usr/share/dbeaver-ce/jre/lib/libnio.so
75bd5801b000-75bd587fe000 rw-p 00000000 00:00 0 
75bd587fe000-75bd58a00000 rw-p 00000000 00:00 0 
75bd58a00000-75bd58b40000 rw-p 00000000 00:00 0 
75bd58b40000-75bd599f0000 ---p 00000000 00:00 0 
75bd599f0000-75bd59a28000 rw-p 00000000 00:00 0 
75bd59a28000-75bd59bfe000 ---p 00000000 00:00 0 
75bd59bfe000-75bd59c28000 rw-p 00000000 00:00 0 
75bd59c28000-75bd59dfe000 ---p 00000000 00:00 0 
75bd59dfe000-75bd59e00000 rw-p 00000000 00:00 0 
75bd59e00000-75bd59e01000 r--s 00000000 fc:01 57678715                   /home/aminvell/.cache/fontconfig/3f7329c5293ffd510edef78f73874cfd-le64.cache-9
75bd59e01000-75bd59e02000 r--p 00000000 fc:01 7475574                    /usr/share/locale-langpack/it/LC_MESSAGES/at-spi2-core.mo
75bd59e02000-75bd59e03000 r--s 00000000 00:63 2094                       /run/user/1000/dconf/user
75bd59e03000-75bd59e06000 r--p 00000000 07:34 1848                       /snap/dbeaver-ce/543/usr/share/dbeaver-ce/jre/lib/libnet.so
75bd59e06000-75bd59e0e000 r-xp 00003000 07:34 1848                       /snap/dbeaver-ce/543/usr/share/dbeaver-ce/jre/lib/libnet.so
75bd59e0e000-75bd59e10000 r--p 0000b000 07:34 1848                       /snap/dbeaver-ce/543/usr/share/dbeaver-ce/jre/lib/libnet.so
75bd59e10000-75bd59e11000 r--p 0000c000 07:34 1848                       /snap/dbeaver-ce/543/usr/share/dbeaver-ce/jre/lib/libnet.so
75bd59e11000-75bd59e12000 rw-p 0000d000 07:34 1848                       /snap/dbeaver-ce/543/usr/share/dbeaver-ce/jre/lib/libnet.so
75bd59e12000-75bd59e53000 rw-p 00000000 00:00 0 
75bd59e53000-75bd59f54000 rw-p 00000000 00:00 0 
75bd59f54000-75bd5acca000 rw-p 00000000 00:00 0 
75bd5acca000-75bd5adad000 ---p 00000000 00:00 0 
75bd5adad000-75bd5adb5000 rw-p 00000000 00:00 0 
75bd5adb5000-75bd5adbc000 ---p 00000000 00:00 0 
75bd5adbc000-75bd5add2000 rw-p 00000000 00:00 0 
75bd5add2000-75bd5aea5000 ---p 00000000 00:00 0 
75bd5aea5000-75bd5aeb3000 r--p 00000000 07:34 1837                       /snap/dbeaver-ce/543/usr/share/dbeaver-ce/jre/lib/libjava.so
75bd5aeb3000-75bd5aec1000 r-xp 0000e000 07:34 1837                       /snap/dbeaver-ce/543/usr/share/dbeaver-ce/jre/lib/libjava.so
75bd5aec1000-75bd5aec6000 r--p 0001c000 07:34 1837                       /snap/dbeaver-ce/543/usr/share/dbeaver-ce/jre/lib/libjava.so
75bd5aec6000-75bd5aec7000 r--p 00021000 07:34 1837                       /snap/dbeaver-ce/543/usr/share/dbeaver-ce/jre/lib/libjava.so
75bd5aec7000-75bd5aec8000 rw-p 00022000 07:34 1837                       /snap/dbeaver-ce/543/usr/share/dbeaver-ce/jre/lib/libjava.so
75bd5aec8000-75bd5aec9000 rw-p 00000000 00:00 0 
75bd5aec9000-75bd5aecd000 r--p 00000000 07:34 1840                       /snap/dbeaver-ce/543/usr/share/dbeaver-ce/jre/lib/libjimage.so
75bd5aecd000-75bd5aee5000 r-xp 00004000 07:34 1840                       /snap/dbeaver-ce/543/usr/share/dbeaver-ce/jre/lib/libjimage.so
75bd5aee5000-75bd5aeeb000 r--p 0001c000 07:34 1840                       /snap/dbeaver-ce/543/usr/share/dbeaver-ce/jre/lib/libjimage.so
75bd5aeeb000-75bd5aeed000 r--p 00021000 07:34 1840                       /snap/dbeaver-ce/543/usr/share/dbeaver-ce/jre/lib/libjimage.so
75bd5aeed000-75bd5aeee000 rw-p 00023000 07:34 1840                       /snap/dbeaver-ce/543/usr/share/dbeaver-ce/jre/lib/libjimage.so
75bd5aeee000-75bd5aef2000 ---p 00000000 00:00 0 
75bd5aef2000-75bd5afee000 rw-p 00000000 00:00 0 
75bd5afee000-75bd5b2d1000 r--p 00000000 07:34 1866                       /snap/dbeaver-ce/543/usr/share/dbeaver-ce/jre/lib/server/libjvm.so
75bd5b2d1000-75bd5c35d000 r-xp 002e3000 07:34 1866                       /snap/dbeaver-ce/543/usr/share/dbeaver-ce/jre/lib/server/libjvm.so
75bd5c35d000-75bd5c66e000 r--p 0136f000 07:34 1866                       /snap/dbeaver-ce/543/usr/share/dbeaver-ce/jre/lib/server/libjvm.so
75bd5c66e000-75bd5c759000 r--p 01680000 07:34 1866                       /snap/dbeaver-ce/543/usr/share/dbeaver-ce/jre/lib/server/libjvm.so
75bd5c759000-75bd5c784000 rw-p 0176b000 07:34 1866                       /snap/dbeaver-ce/543/usr/share/dbeaver-ce/jre/lib/server/libjvm.so
75bd5c784000-75bd5c800000 rw-p 00000000 00:00 0 
75bd5c800000-75bd5c828000 r--p 00000000 fc:01 7079536                    /usr/lib/x86_64-linux-gnu/libc.so.6
75bd5c828000-75bd5c9c1000 r-xp 00028000 fc:01 7079536                    /usr/lib/x86_64-linux-gnu/libc.so.6
75bd5c9c1000-75bd5ca30000 r--p 001c1000 fc:01 7079536                    /usr/lib/x86_64-linux-gnu/libc.so.6
75bd5ca30000-75bd5ca34000 r--p 0022f000 fc:01 7079536                    /usr/lib/x86_64-linux-gnu/libc.so.6
75bd5ca34000-75bd5ca36000 rw-p 00233000 fc:01 7079536                    /usr/lib/x86_64-linux-gnu/libc.so.6
75bd5ca36000-75bd5ca43000 rw-p 00000000 00:00 0 
75bd5ca43000-75bd5ca47000 r--p 00000000 fc:01 7090012                    /usr/lib/x86_64-linux-gnu/libcairo-gobject.so.2.11804.4
75bd5ca47000-75bd5ca49000 r-xp 00004000 fc:01 7090012                    /usr/lib/x86_64-linux-gnu/libcairo-gobject.so.2.11804.4
75bd5ca49000-75bd5ca4c000 r--p 00006000 fc:01 7090012                    /usr/lib/x86_64-linux-gnu/libcairo-gobject.so.2.11804.4
75bd5ca4c000-75bd5ca4e000 r--p 00008000 fc:01 7090012                    /usr/lib/x86_64-linux-gnu/libcairo-gobject.so.2.11804.4
75bd5ca4e000-75bd5ca4f000 rw-p 0000a000 fc:01 7090012                    /usr/lib/x86_64-linux-gnu/libcairo-gobject.so.2.11804.4
75bd5ca4f000-75bd5ca60000 r--p 00000000 fc:01 7079539                    /usr/lib/x86_64-linux-gnu/libm.so.6
75bd5ca60000-75bd5caeb000 r-xp 00011000 fc:01 7079539                    /usr/lib/x86_64-linux-gnu/libm.so.6
75bd5caeb000-75bd5cb5a000 r--p 0009c000 fc:01 7079539                    /usr/lib/x86_64-linux-gnu/libm.so.6
75bd5cb5a000-75bd5cb5b000 r--p 0010a000 fc:01 7079539                    /usr/lib/x86_64-linux-gnu/libm.so.6
75bd5cb5b000-75bd5cb5c000 rw-p 0010b000 fc:01 7079539                    /usr/lib/x86_64-linux-gnu/libm.so.6
75bd5cb5c000-75bd5cb5d000 r--p 00000000 fc:01 7079551                    /usr/lib/x86_64-linux-gnu/librt.so.1
75bd5cb5d000-75bd5cb5e000 r-xp 00001000 fc:01 7079551                    /usr/lib/x86_64-linux-gnu/librt.so.1
75bd5cb5e000-75bd5cb5f000 r--p 00002000 fc:01 7079551                    /usr/lib/x86_64-linux-gnu/librt.so.1
75bd5cb5f000-75bd5cb60000 r--p 00002000 fc:01 7079551                    /usr/lib/x86_64-linux-gnu/librt.so.1
75bd5cb60000-75bd5cb61000 rw-p 00003000 fc:01 7079551                    /usr/lib/x86_64-linux-gnu/librt.so.1
75bd5cb61000-75bd5cb63000 rw-p 00000000 00:00 0 
75bd5cb63000-75bd5cb64000 r--p 00000000 fc:01 7079549                    /usr/lib/x86_64-linux-gnu/libpthread.so.0
75bd5cb64000-75bd5cb65000 r-xp 00001000 fc:01 7079549                    /usr/lib/x86_64-linux-gnu/libpthread.so.0
75bd5cb65000-75bd5cb66000 r--p 00002000 fc:01 7079549                    /usr/lib/x86_64-linux-gnu/libpthread.so.0
75bd5cb66000-75bd5cb67000 r--p 00002000 fc:01 7079549                    /usr/lib/x86_64-linux-gnu/libpthread.so.0
75bd5cb67000-75bd5cb68000 rw-p 00003000 fc:01 7079549                    /usr/lib/x86_64-linux-gnu/libpthread.so.0
75bd5cb68000-75bd5cb69000 r--p 00000000 fc:01 7079538                    /usr/lib/x86_64-linux-gnu/libdl.so.2
75bd5cb69000-75bd5cb6a000 r-xp 00001000 fc:01 7079538                    /usr/lib/x86_64-linux-gnu/libdl.so.2
75bd5cb6a000-75bd5cb6b000 r--p 00002000 fc:01 7079538                    /usr/lib/x86_64-linux-gnu/libdl.so.2
75bd5cb6b000-75bd5cb6c000 r--p 00002000 fc:01 7079538                    /usr/lib/x86_64-linux-gnu/libdl.so.2
75bd5cb6c000-75bd5cb6d000 rw-p 00003000 fc:01 7079538                    /usr/lib/x86_64-linux-gnu/libdl.so.2
75bd5cb6d000-75bd5cb6e000 rw-p 00000000 00:00 0 
75bd5cb6e000-75bd5cb6f000 rw-p 00000000 00:00 0 
75bd5cb6f000-75bd5cb76000 r--s 00000000 fc:01 7245200                    /usr/lib/x86_64-linux-gnu/gconv/gconv-modules.cache
75bd5cb76000-75bd5cb7e000 rw-s 00000000 00:2f 100557                     /tmp/hsperfdata_aminvell/266281
75bd5cb7e000-75bd5cb7f000 ---p 00000000 00:00 0 
75bd5cb7f000-75bd5cb80000 r--p 00000000 00:00 0 
75bd5cb80000-75bd5cb81000 ---p 00000000 00:00 0 
75bd5cb81000-75bd5cb84000 r--p 00000000 07:34 1841                       /snap/dbeaver-ce/543/usr/share/dbeaver-ce/jre/lib/libjli.so
75bd5cb84000-75bd5cb95000 r-xp 00003000 07:34 1841                       /snap/dbeaver-ce/543/usr/share/dbeaver-ce/jre/lib/libjli.so
75bd5cb95000-75bd5cb9c000 r--p 00014000 07:34 1841                       /snap/dbeaver-ce/543/usr/share/dbeaver-ce/jre/lib/libjli.so
75bd5cb9c000-75bd5cb9d000 r--p 0001a000 07:34 1841                       /snap/dbeaver-ce/543/usr/share/dbeaver-ce/jre/lib/libjli.so
75bd5cb9d000-75bd5cb9e000 rw-p 0001b000 07:34 1841                       /snap/dbeaver-ce/543/usr/share/dbeaver-ce/jre/lib/libjli.so
75bd5cb9e000-75bd5cba0000 rw-p 00000000 00:00 0 
75bd5cba0000-75bd5cba4000 r--p 00000000 00:00 0                          [vvar]
75bd5cba4000-75bd5cba6000 r--p 00000000 00:00 0                          [vvar_vclock]
75bd5cba6000-75bd5cba8000 r-xp 00000000 00:00 0                          [vdso]
75bd5cba8000-75bd5cba9000 r--p 00000000 fc:01 7079533                    /usr/lib/x86_64-linux-gnu/ld-linux-x86-64.so.2
75bd5cba9000-75bd5cbd7000 r-xp 00001000 fc:01 7079533                    /usr/lib/x86_64-linux-gnu/ld-linux-x86-64.so.2
75bd5cbd7000-75bd5cbe5000 r--p 0002f000 fc:01 7079533                    /usr/lib/x86_64-linux-gnu/ld-linux-x86-64.so.2
75bd5cbe5000-75bd5cbe7000 r--p 0003d000 fc:01 7079533                    /usr/lib/x86_64-linux-gnu/ld-linux-x86-64.so.2
75bd5cbe7000-75bd5cbe8000 rw-p 0003f000 fc:01 7079533                    /usr/lib/x86_64-linux-gnu/ld-linux-x86-64.so.2
75bd5cbe8000-75bd5cbe9000 rw-p 00000000 00:00 0 
7ffcc736c000-7ffcc738e000 rw-p 00000000 00:00 0                          [stack]
ffffffffff600000-ffffffffff601000 --xp 00000000 00:00 0                  [vsyscall]
Total number of mappings: 875

JVMTI agents: none


VM Arguments:
jvm_args: -XX:+IgnoreUnrecognizedVMOptions -Dosgi.requiredJavaVersion=21 -Dfile.encoding=UTF-8 --enable-native-access=ALL-UNNAMED --add-modules=ALL-DEFAULT --add-opens=java.base/java.io=ALL-UNNAMED --add-opens=java.base/java.lang=ALL-UNNAMED --add-opens=java.base/java.lang.reflect=ALL-UNNAMED --add-opens=java.base/java.net=ALL-UNNAMED --add-opens=java.base/java.nio=ALL-UNNAMED --add-opens=java.base/java.nio.charset=ALL-UNNAMED --add-opens=java.base/java.text=ALL-UNNAMED --add-opens=java.base/java.time=ALL-UNNAMED --add-opens=java.base/java.util=ALL-UNNAMED --add-opens=java.base/java.util.concurrent=ALL-UNNAMED --add-opens=java.base/java.util.concurrent.atomic=ALL-UNNAMED --add-opens=java.base/jdk.internal.vm=ALL-UNNAMED --add-opens=java.base/jdk.internal.misc=ALL-UNNAMED --add-opens=java.base/sun.nio.ch=ALL-UNNAMED --add-opens=java.base/sun.nio.fs=ALL-UNNAMED --add-opens=java.base/sun.security.ssl=ALL-UNNAMED --add-opens=java.base/sun.security.util=ALL-UNNAMED --add-opens=java.security.jgss/sun.security.jgss=ALL-UNNAMED --add-opens=java.security.jgss/sun.security.krb5=ALL-UNNAMED --add-opens=java.desktop/java.awt=ALL-UNNAMED --add-opens=java.desktop/java.awt.peer=ALL-UNNAMED --add-opens=java.sql/java.sql=ALL-UNNAMED -Xms64m -Xmx1024m -Ddbeaver.distribution.type=deb -Duser.home=/home/aminvell/snap/dbeaver-ce/543 
java_command: /snap/dbeaver-ce/543/usr/share/dbeaver-ce//plugins/org.jkiss.dbeaver.launcher_1.0.59.202608181400.jar -os linux -ws gtk -arch x86_64 -showsplash -launcher /snap/dbeaver-ce/543/usr/share/dbeaver-ce/dbeaver -name Dbeaver --launcher.library /snap/dbeaver-ce/543/usr/share/dbeaver-ce//plugins/org.eclipse.equinox.launcher.gtk.linux.x86_64_1.2.1500.v20250801-0854/eclipse_11916.so -startup /snap/dbeaver-ce/543/usr/share/dbeaver-ce//plugins/org.jkiss.dbeaver.launcher_1.0.59.202608181400.jar --launcher.overrideVmargs -exitdata 1c -vm /snap/dbeaver-ce/543/usr/share/dbeaver-ce/jre/bin/java -vmargs -XX:+IgnoreUnrecognizedVMOptions -Dosgi.requiredJavaVersion=21 -Dfile.encoding=UTF-8 --enable-native-access=ALL-UNNAMED --add-modules=ALL-DEFAULT --add-opens=java.base/java.io=ALL-UNNAMED --add-opens=java.base/java.lang=ALL-UNNAMED --add-opens=java.base/java.lang.reflect=ALL-UNNAMED --add-opens=java.base/java.net=ALL-UNNAMED --add-opens=java.base/java.nio=ALL-UNNAMED --add-opens=java.base/java.nio.charset=ALL-UNNAMED --add-opens=java.base/java.text=ALL-UNNAMED --add-opens=java.base/java.time=ALL-UNNAMED --add-opens=java.base/java.util=ALL-UNNAMED --add-opens=java.base/java.util.concurrent=ALL-UNNAMED --add-opens=java.base/java.util.concurrent.atomic=ALL-UNNAMED --add-opens=java.base/jdk.internal.vm=ALL-UNNAMED --add-opens=java.base/jdk.internal.misc=ALL-UNNAMED --add-opens=java.base/sun.nio.ch=ALL-UNNAMED --add-opens=java.base/sun.nio.fs=ALL-UNNAMED --add-opens=java.base/sun.security.ssl=ALL-UNNAMED --add-opens=java.base/sun.security.util=ALL-UNNAMED --add-opens=java.security.jgss/sun.security.jgss=ALL-UNNAMED --add-opens=java.security.jgss/sun.security.krb5=ALL-UNNAMED --add-opens=java.desktop/java.awt=ALL-UNNAMED --add-opens=java.desktop/java.awt.peer=ALL-UNNAMED --add-opens=java.sql/java.sql=ALL-UNNAMED -Xms64m -Xmx1024m -Ddbeaver.distribution.type=deb -jar /snap/dbeaver-ce/543/usr/share/dbeaver-ce//plugins/org.jkiss.dbeaver.launcher_1.0.59.202608181400.jar
java_class_path (initial): /snap/dbeaver-ce/543/usr/share/dbeaver-ce//plugins/org.jkiss.dbeaver.launcher_1.0.59.202608181400.jar
Launcher Type: SUN_STANDARD

[Global flags]
     intx CICompilerCount                          = 12                                        {product} {ergonomic}
     uint ConcGCThreads                            = 3                                         {product} {ergonomic}
     uint G1ConcRefinementThreads                  = 13                                        {product} {ergonomic}
   size_t G1HeapRegionSize                         = 1048576                                   {product} {ergonomic}
     bool IgnoreUnrecognizedVMOptions              = true                                      {product} {command line}
   size_t InitialHeapSize                          = 67108864                                  {product} {command line}
   size_t MarkStackSize                            = 4194304                                   {product} {ergonomic}
   size_t MarkStackSizeMax                         = 536870912                                 {product} {ergonomic}
   size_t MaxHeapSize                              = 1073741824                                {product} {command line}
   size_t MaxNewSize                               = 643825664                                 {product} {ergonomic}
   size_t MinHeapDeltaBytes                        = 1048576                                   {product} {ergonomic}
   size_t MinHeapSize                              = 67108864                                  {product} {command line}
    uintx NonNMethodCodeHeapSize                   = 7606272                                {pd product} {ergonomic}
    uintx NonProfiledCodeHeapSize                  = 122028032                              {pd product} {ergonomic}
    uintx ProfiledCodeHeapSize                     = 122028032                              {pd product} {ergonomic}
    uintx ReservedCodeCacheSize                    = 251662336                              {pd product} {ergonomic}
     bool SegmentedCodeCache                       = true                                      {product} {ergonomic}
   size_t SoftMaxHeapSize                          = 1073741824                             {manageable} {ergonomic}
     bool UseCompressedOops                        = true                           {product lp64_product} {ergonomic}
     bool UseG1GC                                  = true                                      {product} {ergonomic}

Logging:
Log output configuration:
 #0: stdout all=warning uptime,level,tags foldmultilines=false
 #1: stderr all=off uptime,level,tags foldmultilines=false

Release file:
JAVA_VERSION="25.0.3"
MODULES="java.base java.compiler java.datatransfer java.xml java.prefs java.desktop java.logging java.management java.security.sasl java.naming java.rmi java.management.rmi java.net.http java.scripting java.security.jgss java.transaction.xa java.sql java.sql.rowset jdk.accessibility jdk.internal.jvmstat jdk.attach jdk.charsets jdk.crypto.cryptoki jdk.crypto.ec jdk.dynalink jdk.httpserver jdk.jcmd jdk.localedata jdk.management jdk.naming.dns jdk.naming.rmi jdk.net jdk.security.auth jdk.security.jgss jdk.unsupported jdk.xml.dom"

Environment Variables:
_JAVA_OPTIONS=-Duser.home=/home/aminvell/snap/dbeaver-ce/543
PATH=/home/aminvell/.nvm/versions/node/v24.14.1/bin:/home/aminvell/.local/bin:/usr/local/sbin:/usr/local/bin:/usr/sbin:/usr/bin:/sbin:/bin:/usr/games:/usr/local/games:/snap/bin:/snap/bin:/home/aminvell/.local/bin:/home/aminvell/.local/bin:/home/aminvell/development/flutter/bin
USERNAME=aminvell
SHELL=/bin/bash
DISPLAY=:0
WAYLAND_DISPLAY=wayland-0
LANG=it_IT.UTF-8
TERM=xterm-256color

Active Locale:
LC_ALL=it_IT.UTF-8
LC_COLLATE=it_IT.UTF-8
LC_CTYPE=it_IT.UTF-8
LC_MESSAGES=it_IT.UTF-8
LC_MONETARY=it_IT.UTF-8
LC_NUMERIC=it_IT.UTF-8
LC_TIME=it_IT.UTF-8

Signal Handlers:
   SIGSEGV: crash_handler in libjvm.so, mask=11100100010111111101111111111110, flags=SA_RESTART|SA_SIGINFO, unblocked
    SIGBUS: crash_handler in libjvm.so, mask=11100100010111111101111111111110, flags=SA_RESTART|SA_SIGINFO, unblocked
    SIGFPE: crash_handler in libjvm.so, mask=11100100010111111101111111111110, flags=SA_RESTART|SA_SIGINFO, unblocked
   SIGPIPE: SIG_IGN, mask=00000000000010000000000000000000, flags=SA_RESTART, blocked
  *** Handler was modified!
  *** Expected: javaSignalHandler in libjvm.so, mask=11100100110111111111111111111110, flags=SA_RESTART|SA_SIGINFO
   SIGXFSZ: javaSignalHandler in libjvm.so, mask=11100100010111111101111111111110, flags=SA_RESTART|SA_SIGINFO, blocked
    SIGILL: crash_handler in libjvm.so, mask=11100100010111111101111111111110, flags=SA_RESTART|SA_SIGINFO, unblocked
   SIGUSR2: SR_handler in libjvm.so, mask=00000000000000000000000000000000, flags=SA_RESTART|SA_SIGINFO, blocked
    SIGHUP: UserHandler in libjvm.so, mask=11100100010111111101111111111110, flags=SA_RESTART|SA_SIGINFO, blocked
    SIGINT: UserHandler in libjvm.so, mask=11100100010111111101111111111110, flags=SA_RESTART|SA_SIGINFO, blocked
   SIGTERM: UserHandler in libjvm.so, mask=11100100010111111101111111111110, flags=SA_RESTART|SA_SIGINFO, blocked
   SIGQUIT: UserHandler in libjvm.so, mask=11100100010111111101111111111110, flags=SA_RESTART|SA_SIGINFO, blocked
   SIGTRAP: crash_handler in libjvm.so, mask=11100100010111111101111111111110, flags=SA_RESTART|SA_SIGINFO, unblocked


Compilation memory statistics disabled.

Periodic native trim disabled

---------------  S Y S T E M  ---------------

OS:
DISTRIB_ID=Ubuntu
DISTRIB_RELEASE=25.10
DISTRIB_CODENAME=questing
DISTRIB_DESCRIPTION="Ubuntu 25.10"
uname: Linux 6.17.0-41-generic #41-Ubuntu SMP PREEMPT_DYNAMIC Sat Jun 20 18:01:40 UTC 2026 x86_64
OS uptime: 0 days 1:39 hours
libc: glibc 2.42 NPTL 2.42 
rlimit (soft/hard): STACK 8192k/infinity , CORE 0k/infinity , NPROC 91732/91732 , NOFILE 524288/524288 , AS infinity/infinity , CPU infinity/infinity , DATA infinity/infinity , FSIZE infinity/infinity , MEMLOCK 8192k/8192k
load average: 0,20 0,49 0,73

/proc/meminfo:
MemTotal:       23710584 kB
MemFree:         6837960 kB
MemAvailable:   15106856 kB
Buffers:          365652 kB
Cached:          8173344 kB
SwapCached:            0 kB
Active:         10397084 kB
Inactive:        4870016 kB
Active(anon):    7151464 kB
Inactive(anon):        0 kB
Active(file):    3245620 kB
Inactive(file):  4870016 kB
Unevictable:          64 kB
Mlocked:              64 kB
SwapTotal:       8388604 kB
SwapFree:        8388604 kB
Zswap:                 0 kB
Zswapped:              0 kB
Dirty:              1456 kB
Writeback:             0 kB
AnonPages:       6729132 kB
Mapped:          2056544 kB
Shmem:            423772 kB
KReclaimable:     554240 kB
Slab:             981576 kB
SReclaimable:     554240 kB
SUnreclaim:       427336 kB
KernelStack:       35584 kB
PageTables:       103748 kB
SecPageTables:      4088 kB
NFS_Unstable:          0 kB
Bounce:                0 kB
WritebackTmp:          0 kB
CommitLimit:    20243896 kB
Committed_AS:   39607132 kB
VmallocTotal:   34359738367 kB
VmallocUsed:      109344 kB
VmallocChunk:          0 kB
Percpu:            23424 kB
HardwareCorrupted:     0 kB
AnonHugePages:         0 kB
ShmemHugePages:        0 kB
ShmemPmdMapped:        0 kB
FileHugePages:    155648 kB
FilePmdMapped:         0 kB
CmaTotal:              0 kB
CmaFree:               0 kB
Unaccepted:            0 kB
Balloon:               0 kB
HugePages_Total:       0
HugePages_Free:        0
HugePages_Rsvd:        0
HugePages_Surp:        0
Hugepagesize:       2048 kB
Hugetlb:               0 kB
DirectMap4k:      677944 kB
DirectMap2M:    19922944 kB
DirectMap1G:     4194304 kB

/sys/kernel/mm/transparent_hugepage/enabled: always [madvise] never
/sys/kernel/mm/transparent_hugepage/hpage_pmd_size: 2097152
/sys/kernel/mm/transparent_hugepage/shmem_enabled: always within_size advise [never] deny force
/sys/kernel/mm/transparent_hugepage/defrag (defrag/compaction efforts parameter): always defer defer+madvise [madvise] never

Process Memory:
Virtual Size: 7082972K (peak: 7083052K)
Resident Set Size: 341588K (peak: 341588K) (anon: 285992K, file: 55312K, shmem: 284K)
Swapped out: 0K
C-Heap outstanding allocations: 99885K, retained: 105850K
glibc malloc tunables: (default)

/proc/sys/kernel/threads-max (system-wide limit on the number of threads): 183464
/proc/sys/vm/max_map_count (maximum number of memory map areas a process may have): 1048576
/proc/sys/vm/swappiness (control to define how aggressively the kernel swaps out anonymous memory): 60
/proc/sys/kernel/pid_max (system-wide limit on number of process identifiers): 4194304

container information not found.
Steal ticks since vm start: 0
Steal ticks percentage since vm start:  0,000

CPU: total 16 (initial active 16) (16 cores per cpu, 2 threads per core) family 26 model 96 stepping 0 microcode 0xb600037, cx8, cmov, fxsr, ht, mmx, 3dnowpref, sse, sse2, sse3, ssse3, sse4a, sse4.1, sse4.2, popcnt, lzcnt, tsc, tscinvbit, avx, avx2, aes, erms, clmul, bmi1, bmi2, adx, avx512f, avx512dq, avx512cd, avx512bw, avx512vl, sha, fma, vzeroupper, avx512_vpopcntdq, avx512_vpclmulqdq, avx512_vaes, avx512_vnni, clflush, clflushopt, clwb, avx512_vbmi2, avx512_vbmi, rdtscp, rdpid, fsrm, gfni, avx512_bitalg, f16c, pku, ospke, cet_ss, avx512_ifma
CPU Model and flags from /proc/cpuinfo:
model name	: AMD Ryzen AI 7 PRO 350 w/ Radeon 860M
flags		: fpu vme de pse tsc msr pae mce cx8 apic sep mtrr pge mca cmov pat pse36 clflush mmx fxsr sse sse2 ht syscall nx mmxext fxsr_opt pdpe1gb rdtscp lm constant_tsc rep_good amd_lbr_v2 nopl xtopology nonstop_tsc cpuid extd_apicid aperfmperf rapl pni pclmulqdq monitor ssse3 fma cx16 sse4_1 sse4_2 movbe popcnt aes xsave avx f16c rdrand lahf_lm cmp_legacy svm extapic cr8_legacy abm sse4a misalignsse 3dnowprefetch osvw ibs skinit wdt tce topoext perfctr_core perfctr_nb bpext perfctr_llc mwaitx cpuid_fault cpb cat_l3 cdp_l3 hw_pstate ssbd mba perfmon_v2 ibrs ibpb stibp ibrs_enhanced vmmcall fsgsbase tsc_adjust bmi1 avx2 smep bmi2 erms invpcid cqm rdt_a avx512f avx512dq rdseed adx smap avx512ifma clflushopt clwb avx512cd sha_ni avx512bw avx512vl xsaveopt xsavec xgetbv1 xsaves cqm_llc cqm_occup_llc cqm_mbm_total cqm_mbm_local user_shstk avx_vnni avx512_bf16 clzero irperf xsaveerptr rdpru wbnoinvd cppc arat npt lbrv svm_lock nrip_save tsc_scale vmcb_clean flushbyasid decodeassists pausefilter pfthreshold avic v_vmsave_vmload vgif x2avic v_spec_ctrl vnmi avx512vbmi umip pku ospke avx512_vbmi2 gfni vaes vpclmulqdq avx512_vnni avx512_bitalg avx512_vpopcntdq rdpid bus_lock_detect movdiri movdir64b overflow_recov succor smca fsrm avx512_vp2intersect flush_l1d amd_lbr_pmc_freeze

Online cpus: 0-15
Offline cpus: 
BIOS frequency limitation: <Not Available>
Frequency switch latency (ns): 0
Available cpu frequencies: <Not Available>
Current governor: performance
Core performance/turbo boost: 1

Memory: 4k page, physical 23710584k(15106856k free), swap 8388604k(8388604k free)
Page Sizes: 4k

vm_info: OpenJDK 64-Bit Server VM (25.0.3+9-LTS) for linux-amd64 JRE (25.0.3+9-LTS), built on 2026-04-21T00:00:00Z with gcc 14.2.0

END.
